id,bishop_config,num_entries,bytes,num_win_pos,num_draw_pos,num_loss_pos,num_win_ix,num_draw_ix,num_loss_ix,num_broken_ix,fen,dtm,line
KBBK,B20v00,789885,120022,0,2577900,0,0,322534,0,67742,,,
KBBK,B11v00,789885,120022,2503608,520,0,312951,65,0,86593,8/8/8/8/7B/8/3k4/K2B4 w - - ,37,d1b3 d2e3 b3c2 e3d4 h4f2 d4e5 a1b2 e5f6 b2c3 f6e5 f2e3 e5f6 c3d4 f6e6 e3f4 e6e7 c2f5 e7f6 d4e4 f6g7 e4e5 g7f7 f4g5 f7g8 e5e6 g8g7 e6e7 g7h8 g5h6 h8g8 e7f6 g8h8 f6g6 h8g8 f5e6 g8h8 h6g7 
KKBB,B00v20,873642,144394,0,3360948,0,0,420570,0,9324,,,
KKBB,B00v11,873642,144394,0,655304,2814040,0,81913,351755,10080,,,
KBKB,B10v10,1661823,1202,0,5858992,0,0,732514,0,85952,,,
KBKB,B10v01,1661823,1202,416,5972944,112,52,746618,14,96673,8/8/8/8/8/8/b7/k1K1B3 w - - ,1,e1c3 
KBBBK,B30v00,15010230,1952662,0,22793204,0,0,2849354,0,769678,,,
KBBBK,B21v00,15010230,1952662,64713920,7136,0,8089520,892,0,3300786,8/8/8/3B4/3B4/3k4/3B4/3K4 w - - ,31,d5a2 d3d4 d1e2 d4e5 e2d3 e5f6 d3e4 f6e7 d2b4 e7d7 a2d5 d7e8 d5c6 e8d8 b4d6 d8c8 e4d4 c8d8 d4c5 d8c8 c5b6 c8d8 c6b5 d8c8 d6e7 c8b8 b5a6 b8a8 a6b7 a8b8 e7d6 
KKBBB,B00v30,17472840,3778841,0,32525520,0,0,4066656,0,93744,,,
KKBBB,B00v21,17472840,3778841,0,10633052,93447268,0,1329389,11681659,301392,,,
KQBBK,B20v00,43879680,5123768,102083092,0,0,12760891,0,0,8918138,3Q1B2/8/3K4/8/8/B7/8/6k1 w - - ,11,a3c1 g1f1 d8h4 f1g2 d6d5 g2f1 c1e3 f1g2 d5e4 g2f1 h4f2 
KQBBK,B11v00,43879680,5123768,99239936,0,0,12404992,0,0,9795659,8/8/8/8/3k1K1Q/8/7B/7B w - - ,11,h1g2 d4c3 f4e3 c3b3 g2d5 b3c3 d5a2 c3b2 h4c4 b2a1 h2e5 
KBBNK,B20v00,44983620,11641869,143233572,45588,0,17905976,5740,0,4312730,8/8/8/8/8/B7/5Bk1/K6N w - - ,65,h1g3 g2f2 g3e4 f2e2 e4c3 e2f2 a3c1 f2g3 a1a2 g3f2 a2b1 f2e1 c1e3 e1f1 b1c2 f1g2 c3e2 g2h3 c2d3 h3h2 e2f4 h2g3 d3e4 g3h4 f4e2 h4h3 e4f3 h3h2 e2g3 h2h3 e3g1 h3h4 g3e4 h4h5 g1d4 h5h4 d4e5 h4h3 e4f2 h3h4 e5f6 h4h5 f3f4 h5g6 f2e4 g6f7 f4f5 f7e8 f5e6 e8f8 e4g3 f8g8 e6e7 g8h7 e7f7 h7h6 f6e7 h6h7 g3f5 h7h8 f7g6 h8g8 f5h6 g8h8 e7f6 
KBBNK,B11v00,44983620,11641869,139550696,0,0,17443837,0,0,5315337,8/8/8/8/8/N7/8/K1kBB3 w - - ,59,a3c2 c1d1 a1b2 d1e2 b2c3 e2f3 c2d4 f3g4 d4e2 g4h3 c3d2 h3h2 e1f2 h2g2 d2e3 g2f1 e2g3 f1g2 e3e2 g2h3 e2f3 h3h2 f2e3 h2h3 e3g1 h3h4 g3e4 h4h5 g1d4 h5h4 d4e5 h4h3 e4f2 h3h4 e5f6 h4h5 f3f4 h5g6 f2e4 g6f7 f4f5 f7e8 f5e6 e8f8 e4g3 f8g8 e6e7 g8h7 e7f7 h7h6 f6e7 h6h7 g3f5 h7h8 f7g6 h8g8 f5h6 g8h8 e7f6 
KRBBK,B20v00,46242090,6660245,124617808,928,0,15579039,124,0,7268132,8/7K/8/8/8/2B5/2k5/1RB5 w - - ,23,b1a1 c2c3 h7g6 c3d4 c1b2 d4d5 g6f5 d5c4 a1c1 c4b3 b2d4 b3a2 c1c3 a2a1 c3c2 a1b1 c2e2 b1c1 f5e4 c1b1 e4d3 b1c1 e2e1 
KRBBK,B11v00,46242090,6660245,121371584,0,0,15171448,0,0,8223347,7K/3B4/8/8/8/2B5/2k5/1R6 w - - ,23,d7f5 c2c3 b1d1 c3c4 f5e4 c4b3 h8g7 b3b2 g7f6 b2c3 f6e5 c3c4 d1d6 c4b3 e5d4 b3b2 e4d3 b2b3 d6b6 b3a2 d4c3 a2a1 b6a6 
KQKBB,B00v20,46912050,18421176,129659420,4415672,0,16207952,552271,0,6323901,8/8/8/8/5b1Q/8/7b/5k1K w - - ,47,h4h3 f1f2 h3g2 f2e3 g2f1 h2g3 h1g2 f4d6 f1f3 e3d4 f3e2 d6f4 g2h3 g3h2 h3g4 h2g3 g4f5 g3h2 e2d1 d4e3 d1d5 f4e5 d5e4 e3d2 e4f3 e5a1 f5e4 d2c2 f3e2 c2c3 e2h2 a1b2 h2d6 b2a1 d6d4 c3b3 d4a1 b3c4 a1d4 c4b3 e4d3 b3a2 d4b4 a2a1 d3c2 a1a2 b4b2 
KQKBB,B00v11,46912050,18421176,133318592,3409248,1747024,16664824,426156,218378,6518568,8/1Q6/8/8/2bb4/8/3k4/K7 w - - ,161,a1b1 c4d3 b1a2 d3c4 a2a3 d4c5 a3a4 d2d3 b7b1 d3d4 b1f5 c5d6 f5d7 d4e5 d7c6 c4d5 c6e8 e5d4 a4b5 d6f4 e8e2 f4d6 e2g4 d4e5 g4d7 d5e6 d7g7 e5f5 b5c6 d6e5 g7e7 e5f4 e7h7 f5e5 h7h1 f4g5 h1h5 e5f6 c6b5 g5f4 h5f3 f6g5 f3e4 e6h3 e4d5 h3f5 b5c4 g5g6 c4d4 g6g5 d5g2 g5h6 g2f3 h6g5 d4d5 f5g6 d5e6 g6f5 e6f7 f5g6 f7e7 g6f5 f3f2 f4e5 f2e3 e5f4 e3g1 f5g4 e7f7 f4e5 g1f1 g4f5 f1f3 e5f4 f3g2 f5g4 g2b2 g4h5 f7e7 h5f3 b2f6 g5g4 f6g6 g4h3 g6g1 f4g3 e7e6 h3g4 e6f6 g4f4 g1c1 f4e4 f6g5 f3e2 c1b1 e2d3 b1h1 e4e3 h1g1 g3f2 g1h2 d3c2 h2g2 c2d3 g2d5 f2g3 g5g4 g3e1 d5f3 e3d2 g4f4 d2c3 f3c6 d3c4 f4e4 e1d2 c6d6 d2c1 d6g3 c3c2 e4d4 c4e2 g3c3 c2d1 d4e4 c1d2 c3b3 d1c1 e4d4 d2f4 b3d5 f4d2 d5h1 c1c2 h1e4 c2d1 e4b1 d2c1 d4c3 e2a6 b1c2 d1e1 c2c1 e1f2 c1a3 a6f1 c3d2 f1b5 a3e3 f2g2 e3f4 b5f1 d2e1 f1e2 e1e2 g2h3 f4g5 h3h2 e2f2 h2h3 g5g3 
KBBKQ,B20v00,47393100,20387304,0,50206636,105429676,0,6276651,13179709,3960200,,,
KBBKQ,B11v00,47393100,20387304,46977712,11697568,92898480,5872214,1462196,11612310,5029820,K7/8/8/8/6B1/B7/3k4/4q3 w - - ,41,a3b4 d2e3 b4e1 e3f4 g4d1 f4e3 d1c2 e3f4 e1c3 f4e3 a8b7 e3f4 c3d4 f4g5 b7c6 g5f4 c6d5 f4f3 c2e4 f3e2 d5c4 e2f1 c4d3 f1e1 e4g2 e1d1 d4f2 d1c1 d3c3 c1b1 f2e3 b1a2 g2c6 a2b1 c6d5 b1a1 c3b3 a1b1 d5e4 b1a1 e3d4 
KKQBB,B00v20,52418520,10392417,0,17858824,183798056,0,2232781,22976723,584136,,,
KKQBB,B00v11,52418520,10392417,0,2751304,205409336,0,343913,25676167,604800,,,
KBBKN,B20v00,47393100,15343054,360,155635784,168,45,19456294,21,3960200,8/8/8/8/8/8/n1K5/k1B1B3 w - - ,1,c1b2 
KBBKN,B11v00,47393100,15343054,148175264,3398312,184,18521908,424789,23,5029820,8/8/8/8/8/K1B5/3n4/2k2B2 w - - ,155,c3b2 c1c2 f1a6 d2b1 a3a2 b1c3 a2a1 c2b3 b2c1 c3a2 c1d2 b3c2 d2e1 a2c1 a6f1 c1d3 e1a5 d3c1 a5d8 c1b3 a1a2 b3d2 f1a6 d2f3 d8f6 f3e1 a6b7 e1d3 b7e4 c2d2 f6d4 d3f4 a2b3 f4e6 d4b6 e6g5 e4b1 d2e2 b3c3 e2f3 c3d4 g5e6 d4e5 e6f4 b1c2 f4g2 c2d1 f3g3 e5d4 g2e1 d4e3 e1g2 e3d2 g3f4 d2e2 f4f5 d1c2 f5e6 c2b3 e6f5 e2f3 g2h4 f3f2 h4g6 b3c2 f5f6 b6d8 f6f7 f2e3 g6e7 c2b3 f7e8 d8c7 e8d7 c7f4 d7c6 e3d4 e7f5 d4e5 f5d6 b3d5 c6d7 f4g3 d7e7 d5b3 d6f7 e5e4 f7d6 e4d5 d6e8 d5e5 e8d6 g3h4 e7d7 e5d5 d6f7 b3a4 d7c7 d5c5 c7c8 a4d1 c8d7 d1e2 f7e5 c5d5 e5f7 e2g4 d7e8 g4h5 e8f8 h4f6 f7h6 d5e6 h6g8 f6b2 g8h6 e6f6 h6g8 f6g6 f8e7 g6g7 g8f6 b2f6 e7e6 h5g6 e6d5 g7f7 d5d6 g6d3 d6d5 f7e7 d5c6 e7e6 c6c5 f6c3 c5c6 c3d4 c6c7 d3b5 c7d8 d4b6 d8c8 b5a6 c8b8 e6d5 b8a8 b6g1 a8b8 d5c6 b8a8 c6b6 a8b8 g1h2 b8a8 a6b7 
KKRBB,B00v20,52418520,11083269,0,16392764,185264116,0,2049569,23159935,584136,,,
KKRBB,B00v11,52418520,11083269,0,1212152,206948488,0,151519,25868561,604800,,,
KNKBB,B00v20,48096060,15109020,880,185052560,240,110,23133964,30,533736,8/8/8/8/8/8/7b/2bN1K1k w - - ,1,d1f2 
KNKBB,B00v11,48096060,15109020,896,63578720,127424384,112,7947340,15928048,552720,8/8/8/8/8/8/b7/k1K1N1b1 w - - ,1,e1c2 
KBBKR,B20v00,47393100,4132616,0,155526608,109704,0,19442647,13713,3960200,,,
KBBKR,B11v00,47393100,4132616,50717832,100766128,89800,6339729,12595766,11225,5029820,4r3/8/8/8/8/8/8/k1K3BB w - - ,45,g1d4 a1a2 h1d5 a2a3 d4c5 a3a4 d5c6 a4b3 c6e8 b3c4 c5g1 c4d5 g1h2 d5c4 e8c6 c4d4 h2d6 d4c3 d6c5 c3c4 c5g1 c4d3 g1b6 d3c3 c6b5 c3b4 b5f1 b4c3 f1e2 c3b3 b6a5 b3a4 a5e1 a4b3 e1d2 b3a2 c1c2 a2a3 e2b5 a3a2 d2c1 a2a1 c1b2 a1a2 b5c4 
KBBKB,B20v10,47393100,3937767,0,76200920,0,0,9525928,0,1826021,,,
KBBKB,B20v01,47393100,3937767,5272,79425856,4264,659,9929232,541,2134179,8/8/8/8/8/8/b7/k1K1B1B1 w - - ,1,e1c3 
KBBKB,B11v10,47393100,3937767,48030912,103540880,1968,6003864,12942610,246,5029820,8/8/8/5B2/8/4BK2/8/4b2k w - - ,43,f3e2 e1h4 e2f1 h1h2 f5e6 h2g3 e3f2 g3f4 f2h4 f4e5 e6a2 e5d4 h4f6 d4c5 a2f7 c5b4 f6d4 b4b5 f7d5 b5a4 d5c4 a4b4 c4d3 b4a3 d4c3 a3b3 c3d2 b3a2 f1e1 a2a1 d2c1 a1a2 d3c4 a2a1 e1d1 a1b1 c4f1 b1a1 d1c2 a1a2 f1c4 a2a1 c1b2 
KKBBN,B00v20,52418520,18525159,0,15916028,185740852,0,1989962,23219542,584136,,,
KKBBN,B00v11,52418520,18525159,0,710624,207450016,0,88828,25931252,604800,,,
KRKBB,B00v20,49475880,1565787,1738596,158796468,0,217328,19851949,0,4277163,8/8/8/b1R5/8/3K4/8/1k4b1 w - - ,61,c5b5 a5b4 b5b4 b1c1 b4e4 c1b2 e4e5 b2a3 d3c4 g1f2 e5e6 f2g1 e6e1 g1f2 e1f1 f2b6 f1b1 b6f2 b1b3 a3a2 c4c3 f2e1 c3c2 e1f2 b3h3 f2e1 h3h1 e1f2 h1f1 f2c5 f1f5 c5b4 f5f6 b4a5 f6a6 a2a3 a6a5 a3b4 a5d5 b4c4 d5d3 c4b5 d3c3 b5b4 c2b2 b4b5 b2a3 b5a6 c3b3 a6a5 b3b1 a5a6 a3a4 a6a7 a4a5 a7a8 a5b6 a8b8 b1c1 b8a8 c1c8 
KRKBB,B00v11,49475880,1565787,2428856,158294464,4909752,303607,19786808,613719,4425306,8/8/8/8/8/8/8/k1bKRb2 w - - ,57,e1f1 a1b2 f1f2 b2b1 f2f6 c1g5 f6b6 b1a2 d1c2 a2a3 c2c3 a3a4 c3c4 a4a3 b6b3 a3a2 c4c3 g5e3 c3c2 e3g1 b3b1 g1h2 b1h1 h2e5 h1h3 e5c7 h3h7 c7b6 h7h6 b6a5 h6a6 a2a3 a6a5 a3b4 a5d5 b4c4 d5d3 c4b5 d3c3 b5b4 c2b2 b4b5 b2a3 b5a6 c3b3 a6a5 b3b1 a5a6 a3a4 a6a7 a4a5 a7a8 a5b6 a8b8 b1c1 b8a8 c1c8 
KBKBB,B10v20,49854690,987580,0,85830924,0,0,10729422,0,1162875,,,
KBKBB,B10v02,49854690,987580,15620,89347396,2968,1960,11168697,371,1467999,8/8/8/8/8/8/b7/kbK1B3 w - - ,1,e1c3 
KBKBB,B10v11,49854690,987580,7680,176124888,4869864,960,22015611,608733,2698062,8/8/8/8/8/8/b7/k1K1b1B1 w - - ,3,g1d4 e1c3 d4c3 
KQBKB,B10v10,90750420,17377440,232440408,478440,0,29055307,59843,0,15581028,7K/8/8/4b3/3k3B/6Q1/8/8 w - - ,33,h4f6 e5f6 h8g8 f6e5 g3e1 e5d6 g8f7 d6c5 f7e6 d4c4 e1a1 c5b4 a1d1 b4a3 d1f1 c4c3 f1f4 a3b2 e6d5 b2a1 f4d4 c3c2 d4a1 c2d3 a1e1 d3c2 d5c4 c2b2 e1d1 b2a2 c4c3 a2a3 d1a1 
KQBKB,B10v01,90750420,17377440,236975480,736488,2832,29621935,92061,354,16339892,8/8/Q7/3b4/8/2B5/K1k5/8 w - - ,31,a2a1 c2c3 a6f6 c3c4 f6e5 d5h1 e5e2 c4c5 e2c2 c5b4 c2b1 b4c5 b1h1 c5d6 h1e1 d6d7 a1a2 d7c6 e1d1 c6c5 d1d7 c5b4 d7d5 b4a4 a2b2 a4b4 b2c2 b4a4 c2c3 a4a3 d5b3 
KRBKB,B10v10,95673600,26224652,276852688,4754840,0,34607149,594485,0,11922066,8/8/R7/2b5/8/4K3/8/1k4B1 w - - ,59,e3d3 c5g1 a6f6 b1b2 f6f5 b2a3 d3c4 a3b2 f5g5 g1a7 g5g7 a7e3 g7g2 b2c1 c4d3 e3f4 g2c2 c1b1 d3c3 f4g3 c3b3 g3b8 c2c5 b8a7 c5a5 a7b6 a5b5 b6e3 b5e5 e3d2 e5f5 d2e1 f5f1 b1c1 f1e1 c1d2 e1e4 d2d3 e4c4 d3e2 c4c3 e2d2 b3b2 d2e2 b2c1 e2f1 c3c2 f1e1 c2a2 e1f1 c1d1 f1g1 d1e1 g1h1 e1f2 h1h2 a2a3 h2h1 a3h3 
KRBKB,B10v01,95673600,26224652,281431648,5568976,4032,35178956,696122,504,12674318,8/8/8/8/7R/3K4/8/1b3kB1 w - - ,59,d3e3 f1g1 h4c4 g1g2 c4c5 g2h3 e3f4 h3g2 c5b5 b1h7 b5b7 h7d3 b7b2 g2f1 f4e3 d3c4 b2f2 f1g1 e3f3 c4b3 f3g3 b3g8 f2f5 g8h7 f5h5 h7g6 h5g5 g6d3 g5d5 d3c2 d5c5 c2d1 c5c1 g1f1 c1d1 f1e2 d1d4 e2e3 d4a4 e3d2 a4a3 d2c2 a3e3 c2d1 g3f3 d1d2 f3f2 d2c1 e3e2 c1b1 f2e3 b1a1 e3d3 a1b1 d3c3 b1a1 c3b3 a1b1 e2e1 
KBKQB,B10v10,99709380,31216015,0,68667520,283996760,0,8583696,35500032,5024232,,,
KBKQB,B10v01,99709380,31216015,10904,72227752,287495744,1363,9028469,35936968,5634620,8/8/8/8/8/8/b3q3/k1K1B3 w - - ,3,e1c3 e2b2 c3b2 
KBNKB,B10v10,93037260,9918175,113194628,211023724,176,14149634,26378353,22,5298618,8/8/3N4/8/5B2/2K5/8/k5b1 w - - ,77,d6b5 a1a2 c3c2 g1c5 f4c1 c5b4 c1b2 b4d2 b5c7 d2e3 c7d5 e3d2 b2d4 d2e1 d4c5 e1a5 c5e7 a5e1 d5f4 e1f2 f4e2 f2e3 e7f8 e3d2 c2d2 a2b3 d2d3 b3a4 d3c4 a4a5 c4c5 a5a6 e2c3 a6b7 c3d5 b7a6 c5c6 a6a7 d5c7 a7b8 f8c5 b8c8 c5a7 c8d8 c7d5 d8e8 a7d4 e8d8 d4e5 d8c8 d5b6 c8d8 e5f6 d8e8 c6d6 e8f7 b6d5 f7f8 d6e6 f8e8 d5e3 e8f8 e3f5 f8e8 f6h4 e8f8 h4e7 f8g8 e6f6 g8h7 f6f7 h7h8 f7g6 h8g8 f5h6 g8h8 e7f6 
KBNKB,B10v01,93037260,9918175,54019664,276529496,5536,6752458,34566187,692,5891296,8/B7/8/3N4/8/8/4k3/5b1K w - - ,77,h1g1 e2e1 a7f2 e1e2 f2b6 e2e1 b6a5 e1e2 d5c3 e2e1 c3e4 e1e2 e4f2 f1h3 f2h3 e2e3 a5b4 e3e4 g1f2 e4d3 h3f4 d3d4 b4a3 d4e4 a3d6 e4d4 f2f3 d4c4 f3e4 c4b5 f4e6 b5c6 d6c5 c6b7 e4d5 b7b8 d5c6 b8c8 e6c7 c8b8 c5g1 b8c8 g1a7 c8d8 c7d5 d8e8 a7d4 e8d8 d4e5 d8c8 d5b6 c8d8 e5f6 d8e8 c6d6 e8f7 b6d5 f7f8 d6e6 f8e8 d5e3 e8f8 e3f5 f8e8 f6h4 e8f8 h4e7 f8g8 e6f6 g8h7 f6f7 h7h8 f7g6 h8g8 f5h6 g8h8 e7f6 
KBKRB,B10v10,99709380,39794739,0,127449816,225214464,0,15931764,28151964,5024232,,,
KBKRB,B10v01,99709380,39794739,15328,94249952,265469120,1916,11781244,33183640,5634620,8/8/8/8/8/8/b3r3/k1K1B3 w - - ,3,e1c3 e2b2 c3b2 
KBKBN,B10v10,99709380,1926467,416,348125064,4538800,52,43516292,567384,5024232,8/8/8/8/8/8/n1K5/k1B1b3 w - - ,1,c1b2 
KBKBN,B10v01,99709380,1926467,20104,355349024,4365272,2513,44418628,545659,5634620,8/8/8/8/8/8/b7/knK3B1 w - - ,3,g1d4 b1c3 d4c3 
KBBPK,B20v00,139715040,31056866,109814406,3750232,0,54907203,1875116,0,12242708,3B4/1P6/k7/8/8/8/7K/6B1 w - - ,59,b7b8n a6b7 b8d7 b7c8 d7e5 c8d8 h2g2 d8c7 g2f3 c7d8 f3e4 d8c7 e4d5 c7b7 d5d6 b7c8 d6c6 c8b8 e5c4 b8a8 g1h2 a8a7 c4b6 a7a6 h2b8 a6a5 b6d5 a5a4 b8e5 a4b3 d5e3 b3b4 c6b6 b4a4 e5c3 a4b3 c3e1 b3a4 e1d2 a4b3 b6a5 b3a3 d2e1 a3b2 a5a4 b2a2 e3d1 a2a1 a4b3 a1b1 e1d2 b1a1 d2c1 a1b1 c1a3 b1a1 a3b2 a1b1 d1c3 
KBBPK,B11v00,139715040,31056866,110679116,388,0,55339558,194,0,15350261,8/3B4/8/8/8/2BP4/2k5/K7 w - - ,35,d3d4 c2c3 d4d5 c3d4 d7c6 d4c5 a1b1 c5d6 b1b2 d6c5 b2c3 c5d6 c3d4 d6e7 d4c5 e7f8 d5d6 f8f7 c6a4 f7e6 d6d7 e6f5 d7d8q f5g4 a4d1 g4f5 d8d4 f5g6 c5d6 g6f5 d1h5 f5g5 d4g4 g5h6 g4g6 
KBBKP,B20v00,143681550,25680322,7892,113394360,3674556,3946,56697180,1837278,14773660,7k/7p/7B/8/2K4B/8/8/8 w - - ,13,c4d5 h8g8 d5e6 g8h8 h4e1 h8g8 e1d2 g8h8 d2c3 h8g8 e6f6 g8h8 f6f7 
KBBKP,B11v00,143681550,25680322,110996926,2751172,402306,55498463,1375586,201153,13294284,8/8/8/8/1B1k4/3B2p1/5K2/8 w - - ,147,f2e2 g3g2 b4a5 g2g1n e2d2 g1f3 d2c2 f3g5 d3f1 g5e4 a5b6 e4c5 c2d2 d4d5 d2e3 c5b3 f1e2 b3c5 e2f3 d5c4 f3c6 c5b3 c6e8 b3c5 e8f7 c4b5 b6d8 c5b7 d8e7 b5c6 e3d4 b7d6 f7d5 c6c7 e7g5 d6b7 d5h1 b7a5 h1e4 a5b7 d4c3 b7a5 c3b4 a5b7 g5f4 c7b6 f4g3 b7d8 g3f2 b6c7 b4b5 c7d6 f2g3 d6e6 e4c2 d8f7 c2b3 e6f6 g3h4 f6g6 b5c5 f7g5 b3c2 g6h5 h4g3 h5g4 g3d6 g4f3 c5d4 g5e6 d4e5 e6f4 c2e4 f3g4 d6c7 g4g5 e4c2 f4g6 e5d5 g6f4 d5e4 f4h5 e4e5 h5f4 c7d8 g5g4 e5e4 f4g6 c2d1 g4g3 e4e3 g3h3 d1e2 h3g3 d8f6 g3h3 e2b5 h3g4 b5d7 g4h5 d7e8 h5h6 e3e4 g6f8 e4f5 f8h7 f6b2 h7f8 f5f6 f8h7 f6f7 h6g5 f7g7 h7f6 b2f6 g5f5 e8f7 f5e4 g7g6 e4e3 f7d5 e3d2 d5c4 d2c1 f6c3 c1b1 c3b4 b1a1 b4a3 a1b1 c4b3 b1a1 g6f5 a1b1 f5e4 b1a1 b3c4 a1b1 e4d3 b1a1 d3c3 a1b1 c3b3 b1a1 a3b2 a1b1 c4d3 
KKBBP,B00v20,153741960,46039707,0,19791246,131510898,0,9895623,65755449,0,,,
KKBBP,B00v11,153741960,46039707,0,1196944,154984832,0,598472,77492416,0,,,
KPKBB,B00v20,149445120,42276378,19340336,127728456,2316,9670168,63864228,1158,0,8/8/8/6P1/8/4k3/5b2/6bK w - - ,53,g5g6 f2g3 g6g7 e3f2 g7g8q g1h2 g8a2 f2f3 a2g2 f3e3 g2f1 g3d6 h1g2 h2g3 f1f3 e3d4 f3e2 d6f4 g2h3 g3h2 h3g4 h2g3 g4f5 g3h2 e2d1 d4e3 d1d5 f4e5 d5e4 e3d2 e4f3 e5a1 f5e4 d2c2 f3e2 c2c3 e2h2 a1b2 h2d6 b2a1 d6d4 c3b3 d4a1 b3c4 a1d4 c4b3 e4d3 b3a2 d4b4 a2a1 d3c2 a1a2 b4b2 
KPKBB,B00v11,149445120,42276378,14748108,34064488,103006536,7374054,17032244,51503268,0,K1b5/P7/8/8/8/b1k5/8/8 w - - ,165,a8b8 c8e6 a7a8q a3d6 b8a7 d6c5 a7a6 e6c4 a6a5 c3d4 a8h1 c4d3 h1c1 d3c4 c1g5 c4d3 g5d2 d4e4 d2c3 c5d4 c3e1 e4d5 a5b4 d3e4 e1c1 e4f5 c1c7 f5d3 c7f4 d3e4 f4g5 d4e5 g5g8 d5d6 g8c4 e4f5 c4b5 d6e6 b5c6 e6f7 c6h6 e5f6 b4c5 f7e6 h6h1 f6e7 c5c6 e7f8 h1e1 e6f7 c6d5 f8g7 e1e2 f7f6 e2e8 f6g5 e8g8 g5g6 d5c6 g6f6 c6d6 f5g4 g8d8 f6g6 d8e8 g6g5 e8e3 g5g6 e3g1 g6f5 g1g3 g7f6 d6d5 g4h5 g3f2 f5g5 f2e3 g5f5 e3e6 f5g5 d5e4 h5g6 e4e3 f6g7 e6d6 g6f5 e3f3 f5g4 f3g3 g4f5 d6d2 g5g6 d2d5 g6g5 d5g8 g5f6 g3h4 f5e6 g8b8 f6e7 b8b4 e7f7 b4b7 f7g6 b7b1 g6f7 b1h7 f7f6 h7e4 g7f8 e4f3 f6g7 h4h5 e6f7 h5g5 f8e7 g5f4 e7f6 f3b7 g7g8 f4f5 f6h8 b7h1 g8g7 h1a8 f7g6 f5g5 g6f7 a8d8 f7a2 d8d4 g7g8 d4g4 a2f7 g5h6 g8f8 g4b4 f8e8 b4b8 e8d7 b8h8 f7d5 h8f6 d5c6 h6g5 d7c7 g5f5 c7b6 f5e6 b6b5 e6d6 c6e8 d6d5 e8h5 f6b2 b5a6 b2b4 h5f3 d5d6 f3e2 d6c6 e2f3 c6c7 f3d1 b4b6 
KBPKB,B10v10,289027680,53030774,144918222,112356076,984,72459111,56178038,492,13700832,8/8/1B6/8/5P2/8/5K2/2b4k w - - ,101,f4f5 c1b2 f2g3 b2e5 g3h3 e5f6 b6c5 f6d4 c5d6 d4c5 d6f4 c5e3 h3g4 e3d4 g4f3 d4f6 f4g3 f6g5 g3e5 g5e7 e5g7 e7a3 g7a1 a3e7 a1e5 e7d8 e5g7 d8a5 g7f8 a5c3 f8d6 c3f6 f3e4 h1g2 e4d5 f6g7 d6e5 g7h6 f5f6 g2h3 e5b2 h3g4 d5e5 g4h5 e5f5 h6g5 f6f7 g5e7 b2c1 e7b4 c1f4 b4e7 f5e6 e7f8 e6f6 h5g4 f4c1 g4h5 c1d2 h5g4 f6g6 f8a3 d2c3 a3c5 c3g7 c5a3 g6h7 a3b4 h7g8 g4f5 g7f8 b4d2 f8a3 d2h6 a3b2 f5g6 b2a1 g6f5 a1g7 h6c1 f7f8q f5e4 g7h6 c1b2 f8b4 b2d4 h6g7 e4f4 g7d4 f4e4 d4c5 e4d3 b4d4 d3c2 c5a3 c2b3 d4c5 b3a2 c5c3 a2b1 c3b2 
KBPKB,B10v01,289027680,53030774,69733110,192755446,10080,34866555,96377723,5040,15439889,K7/1P1b4/k4B2/8/8/8/8/8 w - - ,67,b7b8n a6b5 b8d7 b5c6 d7e5 c6d5 e5f3 d5c4 f3g1 c4d5 a8b7 d5e6 f6b2 e6d5 b7b6 d5e4 b6c5 e4e3 b2d4 e3f4 c5d5 f4g3 d5e4 g3g2 g1e2 g2h2 e4f3 h2h1 e2g3 h1h2 d4f2 h2h3 f2g1 h3h4 g3e4 h4h5 g1d4 h5h4 d4e5 h4h3 e4f2 h3h4 e5f6 h4h5 f3f4 h5g6 f2e4 g6f7 f4f5 f7e8 f5e6 e8f8 e4g3 f8g8 e6e7 g8h7 e7f7 h7h6 f6e7 h6h7 g3f5 h7h8 f7g6 h8g8 f5h6 g8h8 e7f6 
KBKBP,B10v10,297286080,29851396,3840,214860900,50096684,1920,107430450,25048342,11586034,8/8/8/8/8/8/p7/k1K1b1B1 w - - ,3,g1d4 e1c3 d4c3 
KBKBP,B10v01,297286080,29851396,34692,250306754,19990734,17346,125153377,9995367,13294284,8/8/8/8/8/8/p7/kbBK4 w - - ,5,c1a3 b1c2 d1c1 c2b1 a3b2 
KBBBBK,B40v00,210258555,31246593,0,149686520,0,0,18712816,0,5701949,,,
KBBBBK,B31v00,210258555,31246593,555721592,58440,0,69465199,7305,0,35616317,7K/8/8/8/7B/6B1/7B/2kB4 w - - ,25,d1b3 c1b2 b3d5 b2a1 g3e1 a1b1 h2e5 b1c2 h8g7 c2b1 d5b3 b1c1 g7f6 c1b1 f6f5 b1c1 f5e4 c1b1 e4d3 b1c1 e1d2 c1b1 d3c3 b1a1 c3c2 
KBBBBK,B22v00,210258555,31246593,404572320,0,0,50573596,0,0,30181373,7K/8/8/8/8/1BBkBB2/8/8 w - - ,23,b3d1 d3c3 d1e2 c3b2 f3e4 b2a1 e2c4 a1b2 e3d2 b2a3 h8g7 a3a4 g7f6 a4a3 f6e5 a3a4 e5d4 a4a3 d4c5 a3a4 e4c2 a4a3 d2c1 
KBBBNK,B30v00,855309450,149819728,1249386888,400864,0,156174967,50108,0,49947734,8/K7/8/B7/8/6B1/6k1/6BN w - - ,39,h1f2 g2g3 f2d1 g3g2 g1f2 g2f1 f2e1 f1g2 d1f2 g2f1 a5d2 f1g2 a7b6 g2f1 b6c5 f1g2 c5d4 g2f3 d4d3 f3g3 d3e3 g3g2 f2d1 g2f1 e3f3 f1g1 d1e3 g1h2 f3g4 h2g1 g4g3 g1h1 e3f5 h1g1 g3h3 g1f1 f5g3 f1g1 d2e3 
KBBBNK,B21v00,855309450,149819728,3568046056,48,0,446007997,6,0,203128638,8/8/8/8/8/5KB1/6N1/5kBB w - - ,43,g2e1 f1g1 e1d3 g1h1 d3f2 h1g1 g3f4 g1f1 f4h2 f1e1 f2e4 e1d1 h2e5 d1e1 e5d4 e1f1 e4d2 f1e1 f3e3 e1d1 e3d3 d1e1 d4g1 e1d1 g1f2 d1c1 d2c4 c1d1 c4b2 d1c1 d3c3 c1b1 b2d3 b1a1 f2c5 a1b1 c3b3 b1a1 b3c2 a1a2 d3c1 a2a1 c5d4 
KQBBBK,B30v00,834353610,80574878,896219576,0,0,112027860,0,0,89093238,3Q1B2/4B3/3K4/8/8/8/3B4/6k1 w - - ,11,d2c1 g1f1 e7h4 f1g2 d8g5 g2f1 c1f4 f1e2 g5g3 e2d1 g3d3 
KQBBBK,B21v00,834353610,80574878,2548719152,0,0,318590454,0,0,314642058,8/8/8/8/8/2B5/BB6/Q1K4k w - - ,9,a2b1 h1g1 c3e1 g1f1 a1a3 f1e1 a3g3 e1e2 b1d3 
KRBBBK,B30v00,878922960,118780256,1097097296,27656,0,137138768,3457,0,74753880,7K/8/8/8/1B6/2B5/1R1B4/k7 w - - ,21,b2c2 a1b1 c2c1 b1a2 c3d4 a2b3 b4a5 b3a2 h8g7 a2b3 g7f6 b3a2 f6e5 a2a3 e5d5 a3b3 d2e1 b3a2 d5c4 a2a3 c1a1 
KRBBBK,B21v00,878922960,118780256,3132112556,84,0,391516309,11,0,275510535,K7/8/8/8/8/8/6RB/5BBk w - - ,21,f1e2 h1g2 e2g4 g2f1 g1e3 f1e1 h2g1 e1f1 e3f2 f1g2 a8a7 g2f1 a7a6 f1g2 a6b5 g2f1 b5c4 f1g2 c4d3 g2f1 g4h3 
KBBBKN,B30v00,885603570,207116093,3872,1355425936,1680,484,169429848,210,44092346,8/8/8/8/8/8/n1K5/k1B1B1B1 w - - ,1,c1b2 
KBBBKN,B21v00,885603570,207116093,3846136856,22880080,5928,480769347,2860010,741,188450584,8/8/8/6B1/7K/5n2/5kB1/B7 w - - ,155,h4h3 f3g5 h3h2 g5f3 h2h1 f2g3 g2f1 f3e1 a1c3 e1f3 f1a6 f3g5 c3e5 g3f2 a6b7 g5e6 e5b8 f2e3 h1g2 e6c5 b8a7 e3d4 b7c6 d4c4 g2f3 c5b3 f3e3 b3c5 a7b6 c5b3 c6e8 b3c5 e8f7 c4b5 b6d8 c5b7 d8e7 b5c6 e3d4 b7d6 f7d5 c6c7 e7g5 d6b7 d5h1 b7a5 h1e4 a5b7 d4c3 b7a5 c3b4 a5b7 g5f4 c7b6 f4g3 b7d8 g3f2 b6c7 b4b5 c7d6 f2g3 d6e6 e4c2 d8f7 c2b3 e6f6 g3h4 f6g6 b5c5 f7g5 b3c2 g6h5 h4g3 h5g4 g3d6 g4f3 c5d4 g5e6 d4e5 e6f4 c2e4 f3g4 d6c7 g4g5 e4c2 f4g6 e5d5 g6f4 d5e4 f4h5 e4e5 h5f4 c7d8 g5g4 e5e4 f4g6 c2d1 g4g3 e4e3 g3h3 d1e2 h3g3 d8f6 g3h3 e2b5 h3g4 b5d7 g4h5 d7e8 h5h6 e3e4 g6f8 e4f5 f8h7 f6b2 h7f8 f5f6 f8h7 f6f7 h6g5 f7g7 h7f6 b2f6 g5f5 e8f7 f5e4 g7g6 e4e3 f7d5 e3d2 d5c4 d2c1 f6c3 c1b1 c3b4 b1a1 b4a3 a1b1 c4b3 b1a1 g6f5 a1b1 f5e4 b1a1 b3c4 a1b1 e4d3 b1a1 d3c3 a1b1 c3b3 b1a1 a3b2 a1b1 c4d3 
KNKBBB,B00v30,945889180,379358287,9240,1761170320,3480,1155,220150700,435,5104400,8/8/8/8/8/8/7b/b1bN1K1k w - - ,1,d1f2 
KNKBBB,B00v21,945889180,379358287,29464,934180796,4700407740,3683,116773853,587554754,16300200,8/8/8/8/8/8/7b/1bbN1K1k w - - ,1,d1f2 
KBBBKB,B30v10,885603570,135298001,0,654973216,0,0,81873258,0,19934094,,,
KBBBKB,B30v01,885603570,135298001,43400,700340920,73952,5425,87542615,9244,24158252,8/8/8/8/8/8/b2B4/k1K1B1B1 w - - ,1,g1d4 
KBBBKB,B21v10,885603570,135298001,1870785792,42634856,15080,233848224,5329357,1885,91668220,8/8/3b4/8/8/K7/5B2/2Bk3B w - - ,49,a3b2 d6e5 b2b1 d1e2 f2e3 e2d3 h1d5 e5h2 d5f7 h2g3 b1a2 g3e1 a2b3 d3e4 b3c4 e1g3 c1d2 g3h2 e3d4 h2g3 f7g6 e4f3 c4d3 g3d6 g6h5 f3g3 d2g5 d6f4 d4f2 g3g2 g5f4 g2f2 f4g5 f2e1 d3e3 e1f1 e3f3 f1e1 f3g3 e1f1 g5d2 f1g1 h5e2 g1h1 d2c1 h1g1 c1e3 g1h1 e2f3 
KBBBKB,B21v01,885603570,135298001,687767996,1267749716,69424,85972292,158469662,8678,96782364,8/8/8/BK6/8/8/8/1b1kB2B w - - ,51,h1f3 d1c1 e1d2 c1b2 a5c3 b2a3 c3b4 a3b2 d2c3 b2c2 f3e4 c2b3 e4d5 b3c2 d5e6 c2d1 e6g4 d1c1 b4a3 c1c2 g4f5 c2c3 f5b1 c3d4 a3c1 d4e5 b5c5 e5e6 c1f4 e6f7 c5d6 f7f6 b1c2 f6f7 f4g5 f7f8 d6e6 f8e8 c2a4 e8f8 g5h6 f8g8 a4c2 g8h8 e6f6 h8g8 f6g6 g8h8 h6g7 h8g8 c2b3 
KBBBKR,B30v00,885603570,280660941,0,1354909504,521984,0,169365294,65248,44092346,,,
KBBBKR,B21v00,885603570,280660941,3610405180,257277756,1339928,451302872,32159735,167491,188450584,7K/8/8/8/8/8/B2r3B/5kB1 w - - ,149,a2b1 d2d1 b1e4 d1e1 e4h1 e1e2 h1d5 e2d2 d5e4 d2a2 h8h7 a2a4 e4f3 a4a3 f3d5 a3a4 d5e6 f1g2 h7g7 a4b4 e6d5 g2h3 g7f6 b4b1 d5h1 b1e1 f6f5 e1a1 f5e4 a1a4 e4d3 a4a3 d3d4 a3a4 d4c3 a4a1 h1d5 a1d1 d5b3 d1b1 b3a2 b1a1 a2e6 h3g2 e6d5 g2h3 c3d2 a1b1 d2e3 b1d1 d5b3 d1f1 e3e2 f1b1 b3c4 h3g2 c4d5 g2h3 e2f2 b1b6 h2e5 h3g4 f2e2 b6a6 d5c4 a6a5 c4e6 g4g5 g1d4 a5a3 d4b2 a3a4 e6b3 a4e4 e2f3 e4e1 f3f2 e1h1 f2g2 h1h5 b3f7 g5g4 f7e6 g4g5 e6d7 g5h6 g2f3 h5h1 f3e4 h6g6 d7e8 g6g5 b2c1 g5h4 c1e3 h1b1 e8d7 b1b7 d7c6 b7b1 e4f5 h4h3 c6d5 b1f1 f5e4 f1d1 d5c6 d1f1 e5f4 h3h4 c6d7 h4h5 d7h3 f1h1 h3g2 h1a1 e4f5 a1a2 g2h3 h5h4 h3f1 a2b2 f4e5 b2a2 e3g5 h4h5 f1c4 a2f2 e5f4 f2f4 g5f4 h5h4 c4f1 h4h5 f1e2 h5h4 f5e4 h4h3 e4f3 h3h4 f3f2 h4h3 f4g5 h3h2 e2f1 h2h1 f1g2 h1h2 g5f4 
KBBBKQ,B30v00,885603570,246026711,0,823675360,531756128,0,102961026,66469516,44092346,,,
KBBBKQ,B21v00,885603570,246026711,1682938532,1593037680,593046652,210368609,199130445,74131044,188450584,8/8/8/B7/1B2B3/8/qk6/4K3 w - - ,47,b4c3 b2c1 c3d2 c1b2 a5c3 b2a3 d2c1 a3a4 e4c6 a4b3 c6d5 b3c3 d5a2 c3c2 c1d2 c2d3 a2b3 d3e4 d2c3 e4d3 c3b2 d3e4 e1e2 e4f5 e2f3 f5g5 b3c2 g5h6 f3f4 h6h5 b2g7 h5h4 c2g6 h4h3 f4f3 h3h4 g7f6 h4h3 f6g5 h3h2 f3f2 h2h3 g6f5 h3h2 g5f4 h2h1 f5e4 
KBBNNK,B20v00,1259927061,305400578,3913170552,10112,0,489158121,1264,0,133270028,8/8/8/8/8/6BN/5KN1/6Bk w - - ,49,f2e2 h1g2 h3f2 g2g3 f2d3 g3g2 g1e3 g2h3 e3f4 h3g2 d3f2 g2g1 e2f3 g1f1 f4h2 f1e1 f2e4 e1d1 h2e5 d1e1 e5d4 e1f1 e4d2 f1e1 f3e3 e1d1 e3d3 d1e1 d4g1 e1d1 g1f2 d1c1 d2c4 c1d1 c4b2 d1c1 d3c3 c1b1 b2d3 b1a1 f2c5 a1b1 c3b3 b1a1 b3c2 a1a2 d3c1 a2a1 c5d4 
KBBNNK,B11v00,1259927061,305400578,3820904408,5024,0,477613051,628,0,159883969,8/8/8/8/8/1BK5/1N6/BNk5 w - - ,43,b2d1 c1b1 d1e3 b1a1 e3c2 a1b1 b3c4 b1c1 c4a2 c1d1 c2d4 d1e1 a2d5 e1d1 d5e4 d1c1 d4e2 c1d1 c3d3 d1e1 d3e3 e1d1 e4b1 d1e1 b1c2 e1f1 e2f4 f1e1 f4g2 e1f1 e3f3 f1g1 g2e3 g1h2 c2f5 h2g1 f3g3 g1h1 g3f2 h1h2 e3f1 h2h1 f5e4 
KRRBBK,B20v00,1330608375,133664829,2954730300,6376,0,369351966,800,0,288057844,6R1/K7/8/8/8/8/6RB/6Bk w - - ,19,h2g3 h1g2 a7b6 g2f3 g3c7 f3e2 g8g3 e2d1 c7f4 d1e2 b6b5 e2d1 b5c4 d1e2 g1e3 e2d1 c4d3 d1e1 g3g1 
KRRBBK,B11v00,1330608375,133664829,2884293248,192,0,360536656,24,0,312661085,6BR/7K/8/8/8/2Bk4/4R3/8 w - - ,13,g8c4 d3c4 c3e1 c4d5 e2d2 d5c4 h8c8 c4b3 d2d4 b3a2 d4b4 a2a1 c8a8 
KNNKBB,B00v20,1301488080,87727882,726800,5007448028,14756,90860,625947513,1852,14449968,8/8/8/8/1N6/8/1b6/k1NK2b1 w - - ,7,c1b3 a1b1 b3d2 b1a1 d1c2 g1f2 d2b3 
KNNKBB,B00v11,1301488080,87727882,487064,4742486008,425721384,60883,592810751,53215173,14911080,8/8/8/8/1N6/1b6/1b6/k1NK4 w - - ,7,c1b3 a1b1 b3d2 b1a1 d1c2 b2c1 d2b3 
KQQBBK,B20v00,1198051335,89146520,1983083716,0,0,247891741,0,0,343968770,8/8/8/8/8/Q1B1B3/8/Q1K4k w - - ,7,c3e1 h1g2 e3g1 g2f1 a3g3 f1e2 a1a6 
KQQBBK,B11v00,1198051335,89146520,1929021568,0,0,241127696,0,0,365063128,8/8/8/8/8/8/5BB1/k3K1QQ w - - ,7,f2g3 a1b1 g2f1 b1a1 g1b6 a1a2 h1a8 
KQBBNK,B20v00,2501196540,263334591,5682403192,440,0,710304413,55,0,525337284,8/8/8/8/1B6/Q1K5/1B6/Nk6 w - - ,13,a3a2 b1a2 a1c2 a2b1 c2a3 b1a2 b2c1 a2a1 c1e3 a1a2 e3d4 a2a1 c3b3 
KQBBNK,B11v00,2501196540,263334591,5539618640,168,0,692452330,21,0,573102437,B1Q5/2N5/2K5/8/8/8/8/1kB5 w - - ,11,c7b5 b1c1 c8h3 c1b1 b5d4 b1a1 a8b7 a1b1 h3b3 b1a1 d4c2 
KBNNKB,B10v10,2560971464,1195876981,8460735032,356515992,8912,1057595472,44565677,1114,159404434,5N2/8/3b4/8/8/8/8/K1Bk3N w - - ,105,c1h6 d1e2 f8g6 e2f3 g6h4 f3g4 h4g2 d6b4 h6g7 g4f3 g2h4 f3g4 g7f6 b4e1 h4g2 e1d2 f6d4 g4f3 g2h4 f3g4 h4g6 g4f5 g6e5 d2f4 e5c4 f5e4 d4b6 e4d3 c4b2 d3c2 h1f2 f4c1 b2d1 c2b3 d1e3 c1b2 a1b1 b2c3 f2e4 c3e5 b6c5 e5c7 b1c1 c7a5 c5d4 a5b4 c1d1 b4e7 d4e5 e7a3 e5g7 a3b4 d1e2 b3a4 e2d3 a4b5 d3d4 b5c6 e3c4 b4e7 c4e5 c6b5 e4c3 b5a6 d4d5 e7a3 e5d3 a6b7 c3b5 a3e7 g7d4 e7f8 d4e3 f8e7 d5e6 e7d8 e6d7 d8b6 b5d6 b7a6 e3d2 b6a5 d2g5 a5b4 d3b4 a6a5 g5d2 a5a4 d7c6 a4a3 d6e4 a3a4 e4f2 a4a3 f2d3 a3a4 d3c1 a4a3 b4d3 a3a4 c6c5 a4a3 d2b4 a3a4 d3b2 
KBNNKB,B10v01,2560971464,1195876981,8536361224,453111440,131224,1067045153,56638930,16403,175704281,2N5/6B1/4N3/8/8/4kb2/8/7K w - - ,83,h1g1 f3g4 g7h6 e3e4 e6g5 e4f5 c8e7 f5f6 e7c6 f6g6 g5f7 g4e6 c6e5 g6f5 h6c1 f5f6 c1g5 f6f5 g5h4 e6f7 e5f7 f5g4 h4e1 g4f4 f7d8 f4e3 d8e6 e3e4 e6c7 e4f3 e1f2 f3f4 g1g2 f4e5 f2c5 e5f4 g2f2 f4e4 c5a3 e4f5 a3d6 f5e4 f2e2 e4f5 e2f3 f5g5 f3e4 g5h5 c7e6 h5g4 d6f4 g4h3 e4f3 h3h4 f4g3 h4h5 f3f4 h5g6 e6c7 g6f6 g3h4 f6g6 h4d8 g6h7 f4f5 h7g7 c7e8 g7f7 e8d6 f7g7 d8g5 g7g8 g5h6 g8h7 f5g5 h7h8 g5g6 h8g8 d6e4 g8h8 h6g7 h8g8 e4f6 
KRBBNK,B20v00,2634285390,359019671,6869002568,9984,0,858634321,1248,0,442817875,7K/8/8/8/8/B7/RN6/Bk6 w - - ,37,b2d1 b1a2 a1b2 a2b3 d1f2 b3a2 h8g7 a2b3 g7f6 b3c4 f6e5 c4b5 e5d5 b5b6 f2e4 b6b5 b2c3 b5b6 a3d6 b6b7 c3d4 b7a6 d5c6 a6a5 e4c3 a5a6 d4g1 a6a5 g1c5 a5a6 d6e7 a6a5 e7d8 a5a6 c6c7 a6a5 c7b7 
KRBBNK,B11v00,2634285390,359019671,6706480640,648,0,838310080,81,0,494521785,8/8/8/8/6K1/B6B/RN6/1k6 w - - ,21,b2c4 b1a2 a3c5 a2b1 c4a3 b1c1 h3f1 c1d2 f1c4 d2c3 c5d6 c3d2 g4f3 d2d1 d6b4 d1c1 f3e2 c1b2 e2d1 b2a1 b4c3 
KQNKBB,B00v20,2583520320,785047233,7165733148,221378580,8336,895721088,27672974,1042,347945853,8/8/8/4b3/7Q/6b1/5N2/5k1K w - - ,47,h4h3 f1f2 h3g2 f2e3 g2f1 g3f2 h1g2 e5g3 f1d1 f2e1 d1f3 e3d4 f3e2 e1f2 g2f3 f2e1 e2e4 d4c5 e4d3 e1f2 f3e4 g3h4 d3c3 c5d6 c3e5 d6c6 e5d5 c6c7 d5e6 f2g1 e4d5 h4g3 e6c6 c7b8 d5c4 g1b6 c4b5 g3c7 b5a6 b8c8 c6e6 c8d8 a6b7 b6g1 b7c6 g1f2 e6d7 
KQNKBB,B00v11,2583520320,785047233,7390894616,168609344,69298056,923861827,21076168,8662257,358579111,7Q/7K/7N/8/4b3/3kb3/8/8 w - - ,163,h6f5 e4f5 h7g8 f5e6 g8f8 e3c5 f8e8 d3e4 h8a1 c5d6 a1d1 e4e5 d1d3 d6c5 d3b5 e5d4 b5c6 e6d5 c6a4 d4e5 e8d7 c5e3 a4g4 e3c5 g4e2 e5d4 e2b5 d5c4 b5b2 d4d3 d7c6 c5d4 b2b4 d4e3 b4b1 d3d4 b1d1 d4e5 d1h5 e5d4 h5g4 d4c3 g4f3 c3d4 c6d6 c4b3 f3g4 d4c3 d6e5 b3c2 e5d5 c2b3 d5e4 e3c5 g4f3 c3c4 f3f4 b3a4 f4c1 c4b4 e4d3 a4b5 d3d2 c5d4 c1c7 d4c5 c7f4 b5c4 f4b8 c4b5 d2c2 c5d4 b8c7 b5c4 c7c6 d4c5 c6b7 c4b5 b7g7 b5a4 c2d2 a4c6 g7c3 b4b5 c3b3 b5a6 b3b8 c5b6 d2d3 a6b5 d3c3 b5c5 b8f8 c5d5 c3b4 c6d7 f8g8 d7e6 g8a8 d5d6 a8b8 b6c7 b8b5 e6f7 b5b7 f7e6 b7e4 c7b6 b4b5 b6d8 e4d3 d6c7 d3d4 e6d7 b5c5 d8e7 c5d5 d7c8 d4f2 c7d7 f2a7 d7e8 a7a8 e8d7 a8c6 d7d8 d5e5 c8h3 c6b6 d8c8 e5d5 h3f5 b6d4 f5d7 d4f4 d7h3 f4e3 h3g2 d5e6 e7h4 e3c1 c8b7 c1b2 b7c6 b2g2 c6c5 g2g1 c5b4 g1d4 b4a3 d4h4 a3b2 h4c4 b2a1 c4e2 a1b1 e6d5 b1a1 d5c4 a1b1 c4b3 b1a1 e2d1 
KBBKNN,B20v00,1398096450,289078017,20460,4618678704,129980,2560,577347368,16248,113422344,8/8/8/8/8/B7/n1K5/k1Bn4 w - - ,3,c1b2 d1b2 a3b2 
KBBKNN,B11v00,1398096450,289078017,2209075504,2300155008,94752,276134438,287519376,11844,143642272,4n3/8/8/B7/8/3K4/8/n1kB4 w - - ,211,d1a4 e8g7 a5b6 g7f5 b6c7 f5h4 c7g3 h4g6 a4e8 g6e7 g3d6 e7f5 d6f4 c1b1 e8d7 f5h4 f4g3 h4g6 d3c4 b1b2 d7f5 g6e7 g3e5 b2a2 f5e4 a1b3 e5c3 a2a3 c4b5 a3a2 b5b4 b3c1 c3f6 e7c8 f6g7 c1e2 e4b7 c8d6 b7d5 a2b1 g7e5 d6c8 d5f3 e2c1 b4c3 c1a2 c3c4 b1c2 f3e4 c2d2 e5f4 d2d1 f4c7 d1e1 e4f3 e1d2 f3b7 c8e7 c7d6 e7f5 d6f4 d2e2 c4b3 f5d4 b3a2 e2d3 f4h2 d3c2 h2g1 d4e2 g1f2 e2f4 f2e1 c2d3 a2b3 f4e6 e1f2 e6d4 b3b4 d4f5 f2b6 f5e3 b4c5 e3d1 c5d6 d1e3 d6e6 e3c4 b7a6 d3c3 b6g1 c4b2 e6d5 b2d1 g1d4 c3b3 d4e5 d1b2 a6e2 b3c2 e2f3 b2d1 d5c5 d1b2 c5b5 c2b3 f3g4 b3c2 g4f5 c2b3 f5g6 b2d1 g6f7 b3c2 b5b4 c2d3 e5c7 d1f2 f7g6 d3e3 c7b6 e3f3 g6h5 f3g3 b4c4 f2g4 b6c7 g3h4 h5g6 h4g5 g6d3 g5f6 c4d5 g4e3 d5e4 e3f5 c7e5 f6g5 d3c2 g5g4 e5c7 f5g3 e4d4 g3f5 d4e5 f5h4 e5e4 h4f5 c2d1 g4g5 e4e5 f5g3 c7d8 g5g6 e5e6 g6h6 d1c2 h6h5 e6e5 h5g4 c2d1 g4h3 d1f3 g3f1 e5f4 f1d2 f3b7 d2f1 d8a5 f1h2 a5e1 h2f1 f4f3 f1h2 f3f2 h3h4 f2g1 h4g4 g1h2 g4f4 e1f2 f4g5 f2g3 g5g4 b7e4 g4g5 g3e5 g5g4 h2g2 g4g5 g2f3 g5h6 f3f4 h6h5 e5g7 h5h4 e4d5 h4h5 d5f7 h5h4 g7f6 h4h3 f4f3 h3h2 f3f2 h2h3 f7e6 h3h2 f6e5 h2h1 e6d5 
KBBNKN,B20v00,2654033580,1097181771,8347306040,156698152,14088,1043421855,19587669,1761,248231029,8/8/8/8/8/8/1B4NB/2Kn3k w - - ,215,g2e1 d1b2 h2g3 b2c4 c1d1 c4e3 d1e2 e3f5 g3f2 f5e7 e2f3 e7c6 f3g3 c6d4 g3g4 d4b3 g4h3 b3c1 e1c2 c1d3 f2b6 d3f2 h3g3 f2e4 g3f4 e4d2 c2e3 h1h2 f4g4 d2b3 b6a7 b3c1 a7d4 c1d3 g4h4 d3f2 d4c5 f2e4 c5b4 e4f2 b4e1 f2d3 e1g3 h2g1 h4g4 d3c5 g4f3 c5e6 g3e5 e6c5 e3g4 c5e6 e5f6 g1f1 g4e3 f1g1 f3g3 e6c5 f6d4 c5b3 d4a7 b3d2 e3c4 g1h1 c4b2 d2c4 b2d1 c4d2 a7b6 d2c4 b6d4 c4d6 g3h3 d6f7 d1b2 f7d6 b2d3 d6f7 h3g3 f7g5 d4e3 g5f7 d3c5 f7e5 c5e6 e5d3 e6g5 d3e5 g5h3 e5c4 e3f4 c4b2 f4d2 b2d1 d2b4 d1b2 b4c5 b2d3 c5d4 d3c1 g3f3 c1b3 d4c3 b3c5 h3g5 c5d7 c3d4 d7b8 f3g3 b8c6 d4c5 c6a5 g5e4 a5b7 c5b4 b7d8 b4a5 d8e6 a5b6 e6g5 e4f2 h1g1 g3f4 g5f7 f2g4 g1g2 g4e3 g2h3 e3f5 h3g2 b6c5 f7d8 f5d4 d8b7 c5b4 g2f1 d4c6 f1f2 b4e7 f2f1 f4e4 f1e2 c6d4 e2d1 e4d3 d1e1 d4c6 e1d1 d3c4 d1c1 c4b5 c1b2 b5b6 b2c3 e7f6 c3c4 b6b7 c4d5 c6d4 d5d6 b7b6 d6d5 b6b5 d5e4 b5c4 e4f4 c4d3 f4g4 f6e5 g4h3 d4f5 h3g2 d3e2 g2g1 e2f3 g1h1 e5d4 h1h2 f5g3 h2h3 d4g1 h3h4 g3e4 h4h5 g1d4 h5h4 d4e5 h4h3 e4f2 h3h4 e5f6 h4h5 f3f4 h5g6 f2e4 g6f7 f4f5 f7e8 f5e6 e8f8 e4g3 f8g8 e6e7 g8h7 e7f7 h7h6 f6e7 h6h7 g3f5 h7h8 f7g6 h8g8 f5h6 g8h8 e7f6 
KBBNKN,B11v00,2654033580,1097181771,8245166584,57772888,15216,1030645823,7221611,1902,304921930,8/8/8/8/5B2/1B5n/8/k2N2K1 w - - ,213,g1f1 h3f4 f1e1 f4d3 e1d2 d3c5 b3c2 c5d7 d2c3 d7f6 c3b3 f6e4 b3b4 e4g3 b4a3 g3f1 d1f2 f1e3 c2g6 e3c2 a3b3 c2d4 b3c4 d4e2 f2d3 a1a2 c4b4 e2g3 g6h7 g3f1 h7e4 f1e3 b4a4 e3c2 e4d5 a2b1 d5b3 c2a1 b3d1 a1c2 a4b3 c2d4 b3c4 d4f5 c4c3 f5d6 d1f3 b1a2 c3b4 d6f5 f3d5 a2a1 b4b3 f5d4 b3c4 d4f5 d5e6 f5d6 c4c5 d6e4 c5d4 e4d2 e6d5 d2f1 d4c3 f1g3 d3e5 g3e2 c3c2 e2d4 c2d3 d4b5 d5c6 b5a3 d3c3 a1a2 e5d3 a3b1 c3b4 b1d2 c6d5 a2a1 b4c3 d2b1 c3c2 b1a3 c2b3 a3c2 d3f4 c2d4 b3c3 d4b5 c3c4 b5a3 c4b3 a3b1 f4e2 b1d2 b3c2 d2c4 c2c3 c4e3 d5b3 e3g4 b3e6 g4e5 e2c1 a1b1 c1b3 e5c6 e6f5 b1a2 b3c1 a2a3 c1d3 c6b8 d3b2 b8a6 b2c4 a3a2 c4e3 a2a3 f5d7 a6c5 e3c2 a3a2 d7c6 c5a6 c3c4 a6c7 c2b4 a2b2 b4d3 b2c2 d3f4 c2d2 c4d4 d2c1 d4c5 c7a6 c5b5 a6b8 c6e8 c1d2 f4g6 d2c3 b5b6 c3b4 g6e7 b4b3 b6b7 b3c3 b7b8 c3d4 e7c6 d4d5 b8b7 d5c4 e8g6 c4b3 b7b6 b3c4 g6e4 c4c3 b6b5 c3b3 c6a5 b3c3 b5c5 c3b2 c5b4 b2a2 a5b3 a2b2 e4d3 b2a2 b4c3 a2a3 d3b1 a3a4 b3d4 a4a5 b1e4 a5a4 e4d5 a4a3 d4c2 a3a4 d5c6 a4a5 c3c4 a5b6 c2d4 b6c7 c4c5 c7d8 c5d6 d8c8 d4b3 c8d8 b3c5 d8c8 c6d7 c8b8 d6c6 b8a7 c6c7 a7a8 c7b6 a8b8 c5a6 b8a8 d7c6 
KBBNKB,B20v10,2654033580,850985938,4009017544,154730160,1848,501129843,19342580,231,115336039,5B2/K7/8/b7/8/5k2/4N3/4B3 w - - ,105,e2d4 f3e3 d4f5 e3f4 f5h4 f4g4 e1f2 a5d8 h4g6 g4f5 g6h8 d8f6 h8f7 f5e6 f7h6 f6g5 h6g4 e6f5 g4h2 f5e4 f2g3 g5e3 a7b7 e3g1 h2f1 e4d5 g3c7 g1f2 c7b6 f2e1 f1e3 d5e5 f8c5 e1c3 b7c6 c3e1 e3f1 e1h4 f1d2 e5e6 d2f3 h4f6 c5d6 f6b2 b6d4 b2c1 d4e5 c1e3 e5f4 e3f2 d6c5 f2c5 c6c5 e6f5 f4h2 f5e4 f3g1 e4e3 h2g3 e3d3 c5d5 d3e3 g3e1 e3f4 e1f2 f4f5 f2g3 f5f6 g1h3 f6e7 g3e5 e7e8 d5c6 e8e7 h3f4 e7d8 f4d5 d8c8 d5b6 c8d8 e5f6 d8e8 c6d6 e8f7 b6d5 f7f8 d6e6 f8e8 d5e3 e8f8 e3f5 f8e8 f6h4 e8f8 h4e7 f8g8 e6f6 g8h7 f6f7 h7h8 f7g6 h8g8 f5h6 g8h8 e7f6 
KBBNKB,B20v01,2654033580,850985938,864602876,3475466912,198940,108076155,434437586,24890,132894990,8/8/8/8/8/3kB3/2N5/4BbK1 w - - ,79,c2b4 d3e2 b4d5 e2e1 e3f2 e1e2 f2b6 e2e1 b6a5 e1e2 d5c3 e2e1 c3e4 e1e2 e4f2 f1h3 f2h3 e2e3 a5b4 e3e4 g1f2 e4d3 h3f4 d3d4 b4a3 d4e4 a3d6 e4d4 f2f3 d4c4 f3e4 c4b5 f4e6 b5c6 d6c5 c6b7 e4d5 b7b8 d5c6 b8c8 e6c7 c8b8 c5g1 b8c8 g1a7 c8d8 c7d5 d8e8 a7d4 e8d8 d4e5 d8c8 d5b6 c8d8 e5f6 d8e8 c6d6 e8f7 b6d5 f7f8 d6e6 f8e8 d5e3 e8f8 e3f5 f8e8 f6h4 e8f8 h4e7 f8g8 e6f6 g8h7 f6f7 h7h8 f7g6 h8g8 f5h6 g8h8 e7f6 
KBBNKB,B11v10,2654033580,850985938,8158555232,144308440,91016,1019819404,18038555,11377,304921930,7B/6N1/8/8/2Bb4/8/2k5/K7 w - - ,87,a1a2 c2c3 c4f1 c3b4 a2b1 b4b3 b1c1 d4c3 f1e2 c3a1 e2h5 a1b2 c1d2 b2a1 h5f7 b3b4 d2e3 a1b2 e3f4 b2a1 f4g5 a1b2 g5h6 b2a1 h6h7 a1b2 g7f5 b2h8 h7h8 b4a3 f5d4 a3b4 d4b3 b4a3 h8g7 a3a2 g7f6 a2b2 f6e5 b2c3 e5e4 c3c2 e4d4 c2b2 d4d3 b2a2 d3c2 a2a3 b3d4 a3b4 d4f5 b4c5 c2b3 c5b5 b3a3 b5c5 a3a4 c5b6 a4b4 b6c6 b4c4 c6d7 c4c5 d7c8 f7e8 c8c7 f5g7 c7d8 c5d6 d8c8 e8c6 c8d8 g7e6 d8c8 d6c5 c8b8 c5b6 b8c8 c6a4 c8b8 a4d7 b8a8 e6c5 a8b8 c5a6 b8a8 d7c6 
KBBNKR,B20v00,2654033580,842209994,3177222128,5322790992,4005160,397156142,665354498,500645,248231029,8/8/7B/8/3Nr3/2K5/8/k1B5 w - - ,157,d4b3 a1a2 h6f8 e4e8 c1h6 e8e1 f8b4 a2b1 b3d2 b1a1 d2c4 e1e4 c4a5 e4e5 a5b3 a1b1 b3d2 b1a2 b4d6 e5e6 h6f4 e6e8 d2b3 a2b1 d6c5 e8e1 f4d2 e1h1 b3a5 h1h3 d2e3 h3h2 e3f2 h2h1 c5e3 b1a2 a5c4 h1b1 e3d2 b1b3 c3c2 b3b5 d2a5 b5f5 f2d4 f5f4 c2c3 f4f1 d4e3 f1b1 e3f4 b1e1 a5c7 e1e4 c4b6 e4e2 c7d6 a2b1 f4d2 e2e6 b6c4 e6e4 c4b2 e4h4 d2e3 h4h5 d6b4 h5h3 b2d1 h3h1 d1f2 h1h2 f2d3 b1a2 b4e7 h2g2 e3f4 g2g7 f4g5 a2b1 c3b3 g7f7 e7c5 f7g7 g5f4 g7g2 c5f2 g2g7 f2e1 g7a7 d3f2 a7f7 e1d2 f7b7 d2b4 b7d7 f4d2 d7d4 f2d1 d4d3 b4c3 d3e3 d1b2 e3e4 c3a5 e4h4 d2e3 h4g4 b2d1 g4g2 a5b4 g2c2 b4a3 c2c8 e3b6 c8c2 b6c5 c2d2 d1c3 b1a1 c3e4 d2d3 b3c2 d3f3 a3c1 a1a2 c5e3 f3e3 c1e3 a2a3 e3d2 a3a4 e4d6 a4a3 d6b5 a3a4 b5d4 a4a3 c2d3 a3b2 d4e6 b2b3 e6c5 b3b2 d2e3 b2b1 d3c3 b1a1 e3c1 a1b1 c5d3 b1a1 c3c2 a1a2 d3b4 a2a1 c1b2 
KBBNKR,B11v00,2654033580,842209994,7728354008,571040120,3560560,966044251,71380015,445070,304921930,N7/1r4B1/8/8/8/7B/8/K1k5 w - - ,169,g7h6 c1c2 h3f5 c2c3 f5e4 b7e7 e4d5 c3c2 a8b6 e7a7 d5a2 a7e7 a2b1 c2b3 b6c8 e7e8 c8a7 e8h8 h6g5 h8h5 g5d8 h5h6 b1a2 b3c2 a2c4 h6d6 d8g5 d6g6 g5e3 g6g3 e3f2 g3g2 f2c5 g2g5 c5a3 c2c3 c4b5 g5g1 a1a2 g1g2 a2b1 g2g1 a3c1 g1d1 a7c6 d1e1 b5a6 e1d1 c6e5 d1e1 e5d3 e1d1 d3f4 d1d6 f4e2 c3b4 a6b7 d6d7 b7g2 b4b3 g2h3 d7d6 h3e6 b3b4 e6a2 d6a6 c1f4 a6a8 f4d6 b4b5 e2c3 b5b6 a2d5 a8d8 d6b4 d8b8 b1a2 b8c8 d5b3 c8e8 b3a4 e8e5 a2b3 e5f5 a4e8 f5e5 e8d7 e5h5 b4d6 h5h7 c3d5 b6a6 d6e7 h7h1 e7f6 a6b7 b3b4 h1h7 d7a4 h7h1 b4c5 h1b1 a4c6 b7c8 f6c3 c8b8 c3b4 b1g1 c5b6 b8c8 b4d2 g1a1 c6b5 a1b1 d5e7 c8d8 e7f5 b1b3 d2c1 b3b1 c1f4 d8c8 f5d6 c8b8 b6c6 b1b4 f4e5 b4b5 d6b5 b8a8 e5d4 a8b8 b5c7 b8c8 d4a7 c8d8 c7d5 d8e8 a7d4 e8d8 d4e5 d8c8 d5b6 c8d8 e5f6 d8e8 c6d6 e8f7 b6d5 f7f8 d6e6 f8e8 d5e3 e8f8 e3f5 f8e8 f6h4 e8f8 h4e7 f8g8 e6f6 g8h7 f6f7 h7h8 f7g6 h8g8 f5h6 g8h8 e7f6 
KBBNKQ,B20v00,2654033580,1052868239,3037901172,3377415600,2088701508,379740413,422180773,261090099,248231029,7K/8/7B/8/8/4B3/5N2/4k1q1 w - - ,73,f2d3 e1e2 d3f4 e2e3 f4h3 e3e2 h3g1 e2f2 g1h3 f2g3 h3f4 g3g4 h8g7 g4f5 f4h5 f5e4 h6f4 e4d3 g7f6 d3e4 f6e6 e4d4 h5g3 d4c5 e6d7 c5b6 g3f5 b6c5 f4e3 c5d5 f5g3 d5e5 d7c6 e5e6 e3f4 e6e7 c6d5 e7e8 g3f5 e8d7 f4h2 d7d8 d5c6 d8e8 c6d6 e8f7 f5e7 f7f6 h2f4 f6f7 f4g5 f7e8 e7d5 e8f8 d6e6 f8g7 d5f4 g7f8 f4h5 f8e8 h5g7 e8f8 e6f6 f8g8 g7e6 g8h7 f6f7 h7h8 g5c1 h8h7 e6f8 h7h8 c1b2 
KBBNKQ,B11v00,2654033580,1052868239,3613980208,2526257568,2162716912,451747526,315782196,270339614,304921930,3q4/8/2B5/2B5/8/8/4N3/k1K5 w - - ,77,c1c2 d8g5 c5d4 a1a2 e2c1 a2a3 c1d3 a3a2 d4c5 a2a1 c5a3 a1a2 a3b4 a2a1 b4c3 a1a2 c6d5 a2a3 c3b4 a3a4 d5c6 g5b5 c6b5 a4b5 c2b3 b5c6 d3f4 c6b5 f4e6 b5c6 b3c4 c6d7 c4d5 d7c8 d5c6 c8b8 e6c7 b8a7 b4e1 a7b8 e1f2 b8c8 f2a7 c8d8 c7d5 d8e8 a7d4 e8d8 d4e5 d8c8 d5b6 c8d8 e5f6 d8e8 c6d6 e8f7 b6d5 f7f8 d6e6 f8e8 d5e3 e8f8 e3f5 f8e8 f6h4 e8f8 h4e7 f8g8 e6f6 g8h7 f6f7 h7h8 f7g6 h8g8 f5h6 g8h8 e7f6 
KQRBBK,B20v00,2569702320,195998019,4879704492,228,0,609967075,29,0,659578881,8/8/8/8/8/8/RK1B4/Q1B4k w - - ,9,d2e1 h1g2 a1b1 g2f1 c1g5 f1g2 b2a1 g2f1 e1c3 
KQRBBK,B11v00,2569702320,195998019,4756406096,0,0,594550762,0,0,705605573,8/2B4Q/8/5K1R/8/7B/8/1k6 w - - ,9,h3f1 b1a2 c7f4 a2a1 h5h2 a1b1 f1d3 b1a1 f4e5 
KRNKBB,B00v20,2723107830,1146351514,7436805428,1335945540,11728,929606818,166997763,1466,243469324,5b2/8/3R4/8/5b2/6N1/8/1k4K1 w - - ,303,d6b6 b1c2 b6c6 c2d3 g3f5 d3e4 f5h4 f4g3 h4g6 f8d6 g6h8 e4d5 c6c1 d5e6 c1f1 g3f4 h8g6 e6f5 g6h4 f5g4 h4f3 g4g3 f3e1 f4d2 e1c2 d6c5 g1h1 d2f4 f1a1 g3f3 a1a5 f4d6 a5a2 c5f2 a2b2 d6f4 b2b3 f2e3 b3a3 f3f2 a3a2 f2g3 c2e1 f4g5 e1d3 g5f6 a2g2 g3h3 d3b4 e3c5 b4c2 f6c3 g2g5 c3b4 g5e5 h3g3 e5d5 g3f2 h1h2 f2f3 h2h3 f3e4 d5d1 e4f3 h3h4 f3e2 d1d7 e2f3 h4g5 f3e4 g5f6 b4c3 f6e6 c5f8 d7d1 f8b4 e6d7 c3d2 d7c6 b4c3 c2a3 c3b4 a3c4 d2e3 d1a1 e3d2 c4b6 e4e5 b6d5 b4c3 a1a2 c3b4 a2a8 e5d4 a8e8 b4c5 d5c7 d2e3 c7b5 d4c4 e8e4 c4d3 e4g4 c5e7 c6d5 e3b6 g4g3 b6e3 b5d4 e7f6 d4b3 f6h4 g3h3 h4e7 b3a5 e7f6 a5c4 f6d4 h3f3 d4a7 c4e5 d3d2 d5e4 d2c2 e5c4 e3c5 f3g3 c5b4 e4d5 b4c5 g3h3 a7b6 h3h2 c2c3 h2h1 c5g1 h1h3 c3c2 c4a3 c2d2 a3b1 d2c1 b1c3 c1d2 d5c4 g1e3 h3h2 e3f2 h2h6 b6c7 h6e6 f2e3 e6a6 e3f4 c3d5 d2e2 c4d4 e2f3 a6a3 f3g4 d4e4 f4c1 a3f3 c7g3 d5f6 g4g5 f3f5 g5g6 f6d7 c1a3 f5f3 g3d6 e4d5 g6g5 d7f6 d6e7 f6e8 a3b2 f3f1 b2a3 d5e4 g5g6 e4e5 a3c5 f1f3 c5a3 f3f5 a3c1 e5e6 e7g5 f5f2 c1f4 f2f1 f4h2 f1f8 h2f4 f8h8 g5h6 h8g8 g6h5 e8f6 h5h4 f6e4 f4c1 e6f5 c1e3 g8g3 h6f4 g3f3 e3d2 e4c5 f4h2 c5e6 d2h6 e6d8 h6c1 d8c6 h2d6 c6d4 d6c5 d4e2 c1e3 f3g3 e3d2 g3g2 h4h3 g2g4 c5f2 g4g6 f2e3 f5e4 e3g5 e4f3 h3h4 g6e6 g5d8 e6d6 d2a5 e2d4 d8c7 d6g6 c7e5 d4e6 a5d2 g6g1 h4h5 f3e4 e5c3 e6f8 c3b4 e4f5 h5h4 f8g6 h4h3 f5e4 h3h2 g1g4 b4a5 g6h4 d2e1 h4f5 a5d2 e4f3 d2c3 f5e3 c3b4 g4d4 b4c3 e3g4 h2g1 d4d1 g1h1 g4e3 h1h2 d1b1 c3a5 e3g4 h2g1 g4f2 g1h2 b1b5 h2g1 f2h3 g1f1 b5b1 a5d8 h3f2 d8a5 f2d3 f1g1 d3e1 g1h2 e1d3 a5c3 d3f2 c3e1 f2g4 h2h3 b1e1 h3h4 e1e5 h4h3 e5h5 
KRNKBB,B00v11,2723107830,1146351514,4704262080,4178797304,167578696,588032760,522349663,20947337,251702699,6b1/8/8/4NK2/8/8/7R/2k1b3 w - - ,137,h2h1 c1d1 f5e4 d1e2 h1h8 g8b3 h8h2 e2f1 e5g4 f1g1 h2e2 e1c3 g4e3 b3f7 e4d3 c3h8 e2g2 g1h1 g2g5 h8f6 g5b5 f6d8 b5b7 f7g6 d3e2 h1h2 e2f3 d8g5 e3f1 h2h3 f1g3 g6c2 b7d7 h3h4 d7d5 c2b3 d5d4 h4h3 g3e4 g5h4 d4d6 b3f7 f3f4 h3g2 d6d2 g2g1 d2d1 g1g2 f4g4 f7g6 e4c3 h4f6 c3d5 f6e5 d1d2 g2g1 g4f3 g6h5 f3e4 e5g3 d5f6 g3e1 d2b2 h5d1 f6d5 d1a4 e4e3 e1h4 d5f4 a4c6 f4h3 g1f1 b2c2 c6a8 c2c8 a8h1 c8c1 f1g2 e3f4 h4g3 f4g4 g3d6 c1c6 d6e5 c6c5 e5d6 c5d5 d6c7 d5d2 g2f1 d2f2 f1e1 f2c2 c7a5 c2c1 e1e2 c1h1 e2e3 h3g5 a5c3 h1d1 c3d2 g5e4 d2b4 e4d6 b4c3 g4f5 c3b4 d6c4 e3f3 d1d3 f3e2 f5e4 e2f2 c4e3 b4e1 d3a3 e1b4 a3a2 f2g3 e3f5 g3g4 a2g2 g4h5 e4f4 b4d2 g2d2 h5g6 d2d6 g6f7 f4e5 f7g8 e5e6 g8h8 e6f7 h8h7 d6h6 
KNKQBB,B00v20,2837667540,995356091,26968,1616415384,9301724768,3371,202054052,1162724177,31620960,8/8/8/8/8/8/7b/1qbN1K1k w - - ,1,d1f2 
KNKQBB,B00v11,2837667540,995356091,27536,30341432,11238867032,3442,3792679,1404858379,32610480,8/8/8/8/8/8/b7/k1K1N1bq w - - ,1,e1c2 
KNKRBB,B00v20,2837667540,1258590421,68360,1637370060,9280728700,8545,204673360,1160099695,31620960,8/8/8/8/8/8/4N2r/2b2Kbk w - - ,1,e2g3 
KNKRBB,B00v11,2837667540,1258590421,70392,42916896,11226248712,8799,5364612,1403281089,32610480,8/8/8/8/8/8/r2N4/kbK1b3 w - - ,1,d2b3 
KNKBBN,B00v20,2837667540,1489353418,74104,3198681304,7719411712,9263,399837735,964934602,31620960,8/8/8/8/8/8/7b/2bN1Knk w - - ,1,d1f2 
KNKBBN,B00v11,2837667540,1489353418,77768,2547577008,8721581224,9721,318447126,1090197653,32610480,8/8/8/8/8/8/b7/knK1N1b1 w - - ,1,e1c2 
KRBBKN,B20v00,2728283310,618276410,7396361572,56880436,14120,924554164,7110087,1765,416324389,8/8/8/8/3B1K1B/8/4R1n1/5k2 w - - ,75,f4f3 g2h4 f3e3 h4f5 e3d3 f5d4 e2e3 d4b3 e3h3 f1f2 h3h5 b3c1 d3d2 c1b3 d2c3 b3c1 h5h2 f2f3 h2h3 f3g2 h3e3 c1a2 c3d3 a2b4 d3c4 g2f2 e3a3 b4c6 c4d5 c6e7 d5e4 e7g6 a3h3 g6e7 h3h6 e7c8 h6a6 c8e7 a6e6 e7c8 e4d4 c8a7 d4c5 a7c8 e6e8 c8a7 e8a8 a7b5 c5b5 f2e3 a8a4 e3d3 b5c6 d3d2 a4a3 d2c1 a3a2 c1b1 a2d2 b1c1 d2h2 c1b1 c6c5 b1c1 c5d4 c1d1 d4e3 d1c1 e3d3 c1b1 d3c3 b1a1 c3b3 a1b1 h2h1 
KRBBKN,B11v00,2728283310,618276410,7276053152,337624,15288,909506644,42203,1911,470742147,8/8/8/8/8/1nk5/3RB3/K1B5 w - - ,155,a1b1 b3d2 b1a2 c3c2 c1b2 d2b1 e2c4 b1c3 a2a1 c2d2 b2a3 c3d1 c4g8 d1c3 a3f8 c3d1 f8g7 d2d3 a1a2 d1e3 a2a3 e3c2 a3b3 c2d4 b3b4 d4f5 g8h7 d3e4 g7c3 e4f4 b4c5 f5h4 c5d5 h4f3 c3b2 f3e1 b2c1 f4g4 d5e4 e1g2 c1b2 g4g3 b2e5 g3f2 e5c7 g2e1 h7g6 e1g2 g6h5 g2e1 e4f5 e1g2 c7b6 f2g3 f5g5 g2e1 b6c7 g3f2 g5g4 e1d3 h5e8 f2e2 c7b6 d3e5 g4f4 e5c4 b6d4 e2d3 d4f6 c4b6 e8g6 d3c4 f4e4 b6c8 g6f7 c4c5 e4e5 c8b6 f6e7 c5b5 f7e8 b5c4 e5e4 b6c8 e7f8 c8b6 f8d6 b6a8 d6f4 a8b6 f4e3 b6a8 e8f7 c4b5 e4e5 a8b6 f7e8 b5a6 e3g5 b6c8 g5d8 a6b7 e5d5 c8a7 e8d7 b7a6 d7h3 a6b7 h3g2 a7c6 d5c5 b7c8 d8h4 c6d8 g2h3 c8c7 h4g3 c7b7 g3e5 d8f7 e5f6 b7c7 h3e6 f7d8 f6e5 c7b7 e6c4 b7c8 c5d6 d8b7 d6e7 b7c5 e5d6 c8b7 d6c5 b7c6 c5g1 c6c7 c4b5 c7c8 e7d6 c8d8 g1c5 d8c8 d6c6 c8d8 c6b6 d8c8 c5e7 c8b8 b5a6 b8a8 a6b7 a8b8 e7d6 
KRBBKB,B20v10,2728283310,610501399,3613283916,37320772,0,451663151,4666395,0,197256418,8/8/8/8/3B4/2B1b3/1R6/k5K1 w - - ,47,g1f1 e3d4 f1e2 d4c3 b2b3 c3d4 e2d1 a1a2 d1c2 d4g1 b3b1 g1h2 b1h1 h2e5 h1h3 e5c7 h3h7 c7b6 h7h6 b6a5 h6a6 a2a3 a6a5 a3b4 a5d5 b4c4 d5d3 c4b5 d3c3 b5b4 c2b2 b4b5 b2a3 b5a6 c3b3 a6a5 b3b1 a5a6 a3a4 a6a7 a4a5 a7a8 a5b6 a8b8 b1c1 b8a8 c1c8 
KRBBKB,B20v01,2728283310,610501399,3738384920,64124404,142116,467300524,8018159,17787,219067971,8/8/8/8/8/7b/4RB1B/5k1K w - - ,55,e2e1 f1f2 e1g1 h3d7 h2f4 d7c6 h1h2 f2f3 f4c1 f3e4 g1e1 e4d3 h2g3 c6b7 c1a3 b7d5 g3f4 d3d4 a3b2 d4d3 b2e5 d5g2 e1c1 g2d5 c1c3 d3e2 e5d6 e2d2 d6b4 d5a2 c3a3 d2c2 f4e4 a2b1 e4e3 b1a2 a3c3 c2b2 e3d2 a2b3 b4c5 b3d5 c5a3 b2b1 c3c2 d5h1 c2c1 b1a2 d2c3 h1e4 a3b2 e4b1 c1d1 b1c2 d1a1 
KRBBKB,B11v10,2728283310,610501399,7240828864,35515544,61656,905103608,4439443,7707,470742147,8/b7/8/8/3K4/8/BBk5/R7 w - - ,57,d4c4 c2b2 a1e1 b2a2 e1e6 a2b2 e6e7 a7g1 e7g7 g1e3 g7g2 b2c1 c4d3 e3f4 g2c2 c1b1 d3c3 f4g3 c3b3 g3b8 c2c5 b8a7 c5a5 a7b6 a5b5 b6e3 b5e5 e3d2 e5f5 d2e1 f5f1 b1c1 f1e1 c1d2 e1e4 d2d3 e4c4 d3e2 c4c3 e2d2 b3b2 d2e2 b2c1 e2f1 c3c2 f1e1 c2a2 e1f1 c1d1 f1g1 d1e1 g1h1 e1f2 h1h2 a2a3 h2h1 a3h3 
KBNKBB,B10v20,2744599170,49934927,12882032,4657241528,5552,1610261,582158040,694,71096972,8/8/8/8/N7/8/2Kb1B2/k5b1 w - - ,77,f2g1 d2e1 c2b3 e1d2 g1d4 a1b1 d4b2 d2a5 a4c5 a5e1 c5e4 e1b4 b2d4 b4e1 d4e3 e1a5 e3g5 a5e1 e4d6 e1f2 d6b5 f2c5 g5h6 c5b4 b3b4 b1c2 b4c4 c2d1 c4d3 d1e1 d3e3 e1f1 b5c3 f1g1 e3f3 g1h1 c3e4 h1g1 e4g3 g1h2 h6e3 h2h3 e3g1 h3h4 g3e4 h4h5 g1d4 h5h4 d4e5 h4h3 e4f2 h3h4 e5f6 h4h5 f3f4 h5g6 f2e4 g6f7 f4f5 f7e8 f5e6 e8f8 e4g3 f8g8 e6e7 g8h7 e7f7 h7h6 f6e7 h6h7 g3f5 h7h8 f7g6 h8g8 f5h6 g8h8 e7f6 
KBNKBB,B10v02,2744599170,49934927,8265644,4853968828,160904,1033253,606748296,20113,87892482,8/B7/8/3b4/8/4N3/4k3/5bK1 w - - ,77,e3d5 e2e1 a7f2 e1e2 f2b6 e2e1 b6a5 e1e2 d5c3 e2e1 c3e4 e1e2 e4f2 f1h3 f2h3 e2e3 a5b4 e3e4 g1f2 e4d3 h3f4 d3d4 b4a3 d4e4 a3d6 e4d4 f2f3 d4c4 f3e4 c4b5 f4e6 b5c6 d6c5 c6b7 e4d5 b7b8 d5c6 b8c8 e6c7 c8b8 c5g1 b8c8 g1a7 c8d8 c7d5 d8e8 a7d4 e8d8 d4e5 d8c8 d5b6 c8d8 e5f6 d8e8 c6d6 e8f7 b6d5 f7f8 d6e6 f8e8 d5e3 e8f8 e3f5 f8e8 f6h4 e8f8 h4e7 f8g8 e6f6 g8h7 f6f7 h7h8 f7g6 h8g8 f5h6 g8h8 e7f6 
KBNKBB,B10v11,2744599170,49934927,30732568,9625706456,190960912,3841571,1203213307,23870114,163114067,1B6/b7/8/8/1N6/4k3/8/5bK1 w - - ,79,b8a7 e3e2 b4d5 e2e1 a7f2 e1e2 f2b6 e2e1 b6a5 e1e2 d5c3 e2e1 c3e4 e1e2 e4f2 f1h3 f2h3 e2e3 a5b4 e3e4 g1f2 e4d3 h3f4 d3d4 b4a3 d4e4 a3d6 e4d4 f2f3 d4c4 f3e4 c4b5 f4e6 b5c6 d6c5 c6b7 e4d5 b7b8 d5c6 b8c8 e6c7 c8b8 c5g1 b8c8 g1a7 c8d8 c7d5 d8e8 a7d4 e8d8 d4e5 d8c8 d5b6 c8d8 e5f6 d8e8 c6d6 e8f7 b6d5 f7f8 d6e6 f8e8 d5e3 e8f8 e3f5 f8e8 f6h4 e8f8 h4e7 f8g8 e6f6 g8h7 f6f7 h7h8 f7g6 h8g8 f5h6 g8h8 e7f6 
KRBBKR,B20v00,2728283310,770131321,7226527832,224204728,2523568,903324925,28025645,315446,416324389,8/8/8/8/1R3K2/B7/2r4B/k7 w - - ,135,h2g1 a1a2 b4a4 a2b3 a4a5 c2c4 f4e3 c4a4 a5b5 b3a3 e3d3 a3a2 g1c5 a4g4 c5d6 g4g1 d3c2 g1g2 c2c3 g2g6 b5b2 a2a1 b2d2 g6f6 d6c5 f6f3 c3c2 f3h3 c5d6 h3f3 d2g2 a1a2 g2e2 f3f1 d6b4 f1g1 e2e8 g1g2 b4d2 g2g3 d2e3 g3g2 c2c3 g2g3 e8a8 a2b1 a8b8 b1a2 b8b2 a2a1 b2e2 g3g7 e3f4 g7f7 e2e4 f7f6 f4e3 f6f8 e4a4 a1b1 e3d4 f8g8 a4b4 b1a2 b4b2 a2a1 b2h2 g8g3 c3c2 a1a2 d4c5 g3g4 c2c3 a2b1 h2h1 b1a2 c5d4 g4g8 h1h2 a2b1 d4e5 g8c8 c3d3 c8c2 h2h6 c2c1 h6a6 c1d1 d3c3 d1d7 a6b6 b1c1 e5d4 d7c7 c3d3 c1d1 b6g6 c7e7 g6g2 e7e8 g2b2 e8c8 d4b6 c8c6 b6e3 c6d6 e3d4 d6c6 b2d2 d1c1 d2f2 c1b1 f2b2 b1c1 b2b5 c6d6 b5a5 d6d4 d3d4 c1c2 a5a3 c2b2 a3c3 b2b1 d4d3 b1b2 d3d2 b2b1 c3c2 b1a1 d2c3 a1b1 c3b3 b1a1 c2c1 
KRBBKR,B11v00,2728283310,770131321,7070862552,203101672,2441840,883857819,25387709,305230,470742147,r7/3K4/8/8/B6B/8/R7/1k6 w - - ,139,a2a3 a8a7 d7c6 b1b2 a3b3 b2a2 c6b5 a7b7 b5c4 b7c7 c4d3 c7a7 b3b5 a7a4 h4e7 a4f4 e7c5 f4g4 c5d6 g4g1 d3c2 g1g2 c2c3 g2g6 b5b2 a2a1 b2d2 g6f6 d6c5 f6f3 c3c2 f3h3 c5d6 h3f3 d2g2 a1a2 g2e2 f3f1 d6b4 f1g1 e2e8 g1g2 b4d2 g2g3 d2e3 g3g2 c2c3 g2g3 e8a8 a2b1 a8b8 b1a2 b8b2 a2a1 b2e2 g3g7 e3f4 g7f7 e2e4 f7f6 f4e3 f6f8 e4a4 a1b1 e3d4 f8g8 a4b4 b1a2 b4b2 a2a1 b2h2 g8g3 c3c2 a1a2 d4c5 g3g4 c2c3 a2b1 h2h1 b1a2 c5d4 g4g8 h1h2 a2b1 d4e5 g8c8 c3d3 c8c2 h2h6 c2c1 h6a6 c1d1 d3c3 d1d7 a6b6 b1c1 e5d4 d7c7 c3d3 c1d1 b6g6 c7e7 g6g2 e7e8 g2b2 e8c8 d4b6 c8c6 b6e3 c6d6 e3d4 d6c6 b2d2 d1c1 d2f2 c1b1 f2b2 b1c1 b2b5 c6d6 b5a5 d6d4 d3d4 c1c2 a5a3 c2b2 a3c3 b2b1 d4d3 b1b2 d3d2 b2b1 c3c2 b1a1 d2c3 a1b1 c3b3 b1a1 c2c1 
KQBBKN,B20v00,2588901120,427443411,6121339272,29570832,5064,765171423,3696354,633,510194301,8/8/8/8/6Q1/1nB5/2k5/K1B5 w - - ,29,a1a2 b3c1 a2a3 c2c3 g4g7 c3c2 g7g2 c2d3 a3b4 c1e2 g2f3 d3d2 b4c4 e2c1 f3f1 d2e3 f1c1 e3f3 c1g5 f3f2 g5g4 f2f1 c4c3 f1f2 c3d2 f2f1 d2e3 f1e1 g4g1 
KQBBKN,B11v00,2588901120,427443411,5995607496,188216,5552,749450937,23527,694,560363251,8/1B6/3Q4/1n6/3K4/8/2kB4/8 w - - ,151,d4e3 b5d6 b7d5 d6f5 e3e2 f5g3 e2e1 c2d3 d2c1 g3e2 c1h6 e2c3 d5f7 c3e4 f7g6 d3d4 e1e2 e4c5 h6g7 d4d5 g6b1 c5e6 g7f6 e6d4 e2e3 d4b5 b1a2 d5c5 a2g8 b5d6 f6d4 c5c6 e3f4 d6b7 f4e5 b7a5 d4f2 c6c7 f2g3 c7c6 g8d5 c6b6 d5f3 a5c4 e5e6 c4a5 f3e4 a5b7 g3f2 b6c7 e6e7 b7a5 f2g3 c7b6 e7d7 b6c5 g3f2 c5c4 e4g6 a5b3 g6f7 c4c3 f2e1 c3c2 d7d6 b3d2 f7g6 c2d1 e1f2 d1e2 f2c5 e2f3 d6e5 d2c4 e5d4 c4e3 g6e4 f3e2 c5b6 e2d2 e4g6 e3c2 d4d5 c2e3 d5e4 e3d1 e4d4 d1e3 b6a5 d2e2 d4e4 e3c2 g6h5 e2f2 e4f4 f2f1 a5b6 f1e1 f4e4 e1d2 b6a5 d2c1 a5c3 c2a3 e4d3 a3b1 c3g7 b1a3 h5e8 a3b1 e8a4 b1a3 d3c3 a3b1 c3b3 c1d1 b3a2 d1e2 a2b1 e2d3 a4b3 d3e4 b1c2 e4f5 c2d3 f5g6 g7e5 g6f5 e5d6 f5g6 d3e4 g6g5 d6e7 g5g4 b3d1 g4g3 e4e3 g3g2 d1e2 g2g1 e3f3 g1h2 e2f1 h2g1 f3e2 g1h2 e2f2 h2h1 f1g2 h1h2 e7d6 
KQBBKB,B20v10,2588901120,425080467,3003991344,4272080,0,375500411,534291,0,244056013,7K/8/8/8/7B/2b5/1k6/4Q1B1 w - - ,23,g1d4 c3d4 h8g8 b2b3 h4f2 d4b2 e1b1 b3c3 f2e1 c3d4 b1b2 d4e3 b2b1 e3f4 b1d3 f4g5 e1f2 g5f4 g8f7 f4g5 d3e4 g5h6 e4h4 
KQBBKB,B20v01,2588901120,425080467,3132494904,10057864,98976,391563348,1257988,12372,266138288,K7/7Q/8/8/8/4B3/4k1b1/B7 w - - ,23,a8a7 e2e3 a1b2 g2f1 b2c1 e3f3 c1d2 f1g2 h7h2 f3f2 d2g5 f2e2 h2g2 e2d3 a7b6 d3d4 g2e2 d4c3 g5f6 c3b4 e2c2 b4a3 f6e7 
KQBBKB,B11v10,2588901120,425080467,5992029104,3731640,40520,749003638,466455,5065,560363251,8/2b5/8/8/5KB1/B7/7Q/5k2 w - - ,45,f4f3 c7h2 a3c5 f1e1 c5b4 e1d1 f3g2 d1c2 g2h2 c2d3 b4e1 d3e4 h2g3 e4d3 e1f2 d3e4 g4f3 e4d3 g3f4 d3d2 f4e4 d2c3 f2e3 c3c2 f3e2 c2c3 e2d3 c3b2 e4d4 b2b3 e3d2 b3a2 d4c3 a2a3 d3f1 a3a2 f1b5 a2b1 b5c4 b1a1 c3b3 a1b1 c4d3 b1a1 d2c3 
KQBBKR,B20v00,2588901120,502650181,6121831944,27605392,1477832,765233007,3450674,184729,510194301,K4B2/r7/8/8/8/3Q4/8/4k1B1 w - - ,79,a8b8 a7b7 b8c8 b7c7 c8d8 c7c8 d8e7 c8e8 e7f6 e8f8 f6e5 f8e8 e5f4 e8f8 f4e4 f8e8 e4f3 e8f8 f3g2 f8g8 g2h1 g8g1 h1h2 g1g2 h2h3 g2e2 d3b1 e1f2 h3g4 f2e3 b1b3 e3d4 b3b4 d4d3 g4f3 e2c2 b4b3 c2c3 b3d5 d3c2 f3e2 c2b2 d5a5 b2b3 e2d2 c3c4 d2d3 c4b4 a5d5 b3a4 d5a2 a4b5 d3c3 b4a4 a2b3 b5a5 b3b7 a4h4 b7e7 h4a4 e7d7 a4b4 d7a7 a5b5 a7b7 b5c5 b7b4 c5c6 b4d4 c6c7 c3b4 c7c8 d4g7 c8d8 b4b5 d8e8 b5c6 e8d8 g7d7 
KQBBKR,B11v00,2588901120,502650181,5989715992,4663512,1421760,748714499,582939,177720,560363251,7K/6Br/8/8/8/4Q3/8/1B1k4 w - - ,79,h8g8 h7g7 g8f8 g7f7 f8e8 f7f8 e8d7 f8d8 d7c6 d8c8 c6b5 c8b8 b5c4 b8c8 c4d4 c8d8 d4c3 d8c8 c3b2 c8b8 b2a1 b8b1 a1a2 b1b2 a2a3 b2d2 e3g1 d1e2 a3b4 d2d3 b4c4 d3f3 g1g5 f3a3 g5g2 e2e1 g2c2 a3e3 c4d4 e3f3 d4e4 f3g3 c2c5 e1e2 c5h5 e2f2 h5h2 g3g2 h2f4 f2g1 e4e3 g2b2 f4g3 g1f1 g3f3 f1g1 f3d1 g1g2 d1d5 g2g1 e3f3 b2g2 d5d1 g1h2 d1e1 g2a2 e1g3 h2h1 g3g8 a2d2 g8c4 h1g1 c4c1 d2d1 c1d1 g1h2 d1a1 h2h3 a1h1 
KQBBKQ,B20v00,2588901120,726194632,5765493600,370946596,14474972,720689627,46369199,1809584,510194301,8/K7/8/2q5/5B2/8/3B2k1/Q7 w - - ,191,a7b7 c5d5 b7c7 d5f7 c7d6 f7f8 d6d5 f8f7 d5c5 f7f5 c5c6 f5e4 c6d6 e4g6 d6e7 g6h7 e7f8 h7f5 f8g7 f5d7 g7h6 d7e6 h6h5 e6e2 h5h4 e2e7 f4g5 e7h7 g5h6 h7e7 d2g5 e7e4 g5f4 e4e7 h4h5 e7e8 h5g5 e8d8 g5g6 d8d3 g6f6 d3d8 f6e6 d8e8 e6d5 e8d7 d5c5 d7c8 c5b4 c8b7 b4c3 b7c6 c3d2 c6d5 d2e1 d5e4 f4e3 e4b4 e1d1 b4b3 d1d2 b3b4 d2d3 b4b3 d3d4 b3b4 d4e5 b4b5 e5e6 b5c6 e6f5 c6b5 f5g4 b5d7 g4g5 d7e7 g5h5 e7f7 h5h4 f7e7 h6g5 e7h7 h4g4 h7e4 e3f4 e4e6 g4h5 e6f7 h5h6 f7f8 h6g6 f8g8 g6f5 g8c8 f5e5 c8c5 e5e6 c5c4 e6d6 c4b4 d6d5 b4b5 d5d4 b5b4 d4d3 b4b3 d3d2 b3b4 d2d1 b4b3 d1e1 b3b4 f4d2 b4e4 d2e3 e4b4 e1d1 b4b3 d1d2 b3b4 d2d3 b4b3 d3d4 b3b4 d4d5 b4b5 e3c5 b5e8 g5e3 e8f7 d5d6 f7g6 d6c7 g6f7 c7b6 f7b3 b6a5 b3d5 a5b4 d5e4 b4c3 e4e5 c5d4 e5d5 a1g1 g2h3 g1f1 h3g3 f1f4 g3h3 d4b6 d5d1 f4c4 d1a1 c3c2 a1e5 e3f4 e5f5 c2d2 h3g4 b6c7 f5d7 d2e3 g4h5 c4e4 d7h3 e3d2 h3d7 d2e1 d7f7 c7e5 h5g4 e5f6 f7f6 f4e5 g4g5 e5f6 g5f6 e1d2 f6g7 e4e7 g7h8 d2c3 h8g8 c3d4 g8h8 d4e5 h8g8 e5f6 g8h8 e7g7 
KQBBKQ,B11v00,2588901120,726194632,5781992392,201972408,11836464,722749049,25246551,1479558,560363251,K6Q/7B/8/8/7B/5q2/8/3k4 w - - ,119,a8b8 f3f4 b8b7 f4f3 b7b6 f3b3 b6c7 b3c4 c7d6 c4f4 d6c5 f4c7 c5d5 c7b7 d5e6 b7b3 e6f5 b3f3 f5g5 f3g2 g5f4 g2f1 f4g3 f1e1 g3g2 e1e2 h4f2 e2g4 g2h2 g4f4 f2g3 f4h6 h2g2 h6d2 g2h3 d2d7 h3h4 d7e7 h4g4 e7e2 g4g5 e2e3 g3f4 e3e7 g5f5 e7d7 f5f6 d7c6 f6e7 c6b7 e7e6 b7c6 f4d6 c6c4 e6f6 c4h4 f6e5 h4h2 e5e6 h2a2 e6f6 a2b2 d6e5 b2b6 f6f5 b6f2 f5e4 f2e1 e4d3 e1e2 d3d4 e2b2 d4c4 b2a2 c4b4 a2d2 e5c3 d2d6 b4c4 d6c6 c4d4 c6d7 d4e4 d7g4 e4e5 g4g5 h7f5 g5e3 e5d5 e3f3 f5e4 f3f7 d5d6 f7f4 h8e5 f4e5 d6e5 d1e2 e5f4 e2d1 e4d3 d1c1 f4e3 c1d1 e3d4 d1c1 d4c4 c1d1 c4b3 d1c1 d3e2 c1b1 c3d2 b1a1 d2e3 a1b1 e2d3 b1a1 e3d4 
KRBBKQ,B20v00,2728283310,382242948,3402033428,3818914904,232307796,425257022,477368888,29040106,416324389,8/8/8/4B2q/3B4/2R3K1/8/k7 w - - ,43,c3b3 a1a2 b3b2 a2a3 d4c5 a3a4 b2b4 a4a5 e5c7 a5a6 b4b6 a6a7 c5e3 h5e2 e3f2 e2d3 g3h2 d3f1 c7g3 f1a1 b6b1 a7a6 b1a1 a6b5 f2e1 b5c6 h2g2 c6b5 a1c1 b5a4 e1d2 a4a3 g2f3 a3a2 f3e2 a2b3 e2d3 b3b2 d3c4 b2a3 d2c3 a3a2 c1a1 
KRBBKQ,B11v00,2728283310,382242948,4268696520,2841952248,165757296,533587065,355244031,20719662,470742147,8/B7/8/RB6/5K2/8/1q6/3k4 w - - ,105,b5a4 d1e2 a5e5 e2d3 e5d5 d3c4 d5c5 c4d3 a4b5 d3d2 c5d5 d2e1 d5e5 e1d1 b5a4 d1d2 a7e3 d2d3 e5d5 d3e2 a4d1 e2f1 d1f3 b2b4 f4f5 b4f8 f5g4 f8g8 g4h4 g8h7 h4g3 h7g8 e3g5 g8b8 g5f4 b8g8 d5g5 g8c8 g5b5 c8g8 f4g5 g8a2 b5d5 a2f2 g3g4 f2g1 g4h5 g1a7 g5h4 a7f7 h5g4 f7g8 g4h3 g8e6 h3g3 e6e1 g3g4 e1e6 g4f4 e6f7 f4g3 f7g8 g3h2 g8b8 h2h3 b8c8 f3g4 c8c3 h4g3 c3h8 d5h5 h8b2 h5e5 b2d2 g4e6 f1g1 e6f5 d2g2 h3h4 g2f1 e5e1 f1e1 g3e1 g1f1 e1d2 f1e2 d2c1 e2d1 c1f4 d1e2 h4g3 e2d1 g3f3 d1e1 f5c2 e1f1 f4d2 f1g1 f3g3 g1f1 c2d3 f1g1 d2e3 g1h1 d3e4 
KBBKBB,B20v20,1398096450,8673553,0,1086613096,0,0,135832578,0,23686002,,,
KBBKBB,B20v11,1398096450,8673553,121696,2345083784,2264968,15212,293135473,283121,57294025,8/8/8/8/8/8/b4B2/k1K1b1B1 w - - ,3,f2d4 e1c3 d4c3 
KBBKBB,B20v02,1398096450,8673553,203568,1184425872,116160,25477,148059765,14550,32442317,8/8/8/8/8/8/b7/kbK1B1B1 w - - ,1,e1c3 
KBBKBB,B11v20,1398096450,8673553,14017040,2202367696,55536,1752130,275295962,6942,70806780,8/3B4/8/8/3b4/8/8/k1K1b1B1 w - - ,45,g1d4 a1a2 c1d1 e1a5 d1c2 a2a3 d4b2 a3b4 b2c3 b4c5 c3a5 c5d6 d7h3 d6c5 h3g2 c5d6 c2d3 d6e5 a5d2 e5f6 d3d4 f6f5 g2h3 f5g6 d4e5 g6f7 d2e3 f7g6 h3f5 g6g7 e5e6 g7f8 e6f6 f8e8 e3b6 e8f8 f5d7 f8g8 f6g6 g8h8 b6c5 h8g8 d7e6 g8h8 c5d4 
KBBKBB,B11v11,1398096450,8673553,24889008,2266533144,1462840,3111126,283316643,182855,72835492,8/3B4/8/8/8/8/8/k1Kbb1B1 w - - ,45,g1d4 a1a2 c1d1 e1a5 d1c2 a2a3 d4b2 a3b4 b2c3 b4c5 c3a5 c5d6 d7h3 d6c5 h3g2 c5d6 c2d3 d6e5 a5d2 e5f6 d3d4 f6f5 g2h3 f5g6 d4e5 g6f7 d2e3 f7g6 h3f5 g6g7 e5e6 g7f8 e6f6 f8e8 e3b6 e8f8 f5d7 f8g8 f6g6 g8h8 b6c5 h8g8 d7e6 g8h8 c5d4 
KBBKQQ,B20v00,1398096450,446304470,0,17594640,4601234504,0,2199774,575166402,113422344,,,
KBBKQQ,B11v00,1398096450,446304470,9801400,21542248,4477981616,1225175,2692781,559747702,143642272,8/3q4/8/8/BB6/8/3q4/K1k5 w - - ,41,b4a3 d2b2 a3b2 c1d2 a4d7 d2d3 b2a3 d3e2 a3d6 e2d3 d7c6 d3d2 d6c5 d2d3 c5g1 d3e2 g1b6 e2f1 a1b1 f1e2 b1c2 e2f1 c2d3 f1e1 c6g2 e1d1 b6f2 d1c1 d3c3 c1b1 f2e3 b1a2 g2c6 a2b1 c6d5 b1a1 c3b3 a1b1 d5e4 b1a1 e3d4 
KBBKRR,B20v00,1398096450,444294890,0,2176317760,2442511384,0,272044896,305321280,113422344,,,
KBBKRR,B11v00,1398096450,444294890,30326248,2431154512,2047844504,3790781,303894314,255980563,143642272,4r3/8/8/8/3r4/8/8/k1K3BB w - - ,45,g1d4 a1a2 h1d5 a2a3 d4c5 a3a4 d5c6 a4b3 c6e8 b3c4 c5g1 c4d5 g1h2 d5c4 e8c6 c4d4 h2d6 d4c3 d6c5 c3c4 c5g1 c4d3 g1b6 d3c3 c6b5 c3b4 b5f1 b4c3 f1e2 c3b3 b6a5 b3a4 a5e1 a4b3 e1d2 b3a2 c1c2 a2a3 e2b5 a3a2 d2c1 a2a1 c1b2 a1a2 b5c4 
KBBKQN,B20v00,2796192900,1067425511,12896,2703094364,6534551028,1612,337890514,816824160,226860754,8/8/8/8/1q6/B7/n1K5/k1B5 w - - ,3,c1b2 b4b2 a3b2 
KBBKQN,B11v00,2796192900,1067425511,2059914224,956486536,6002249768,257489278,119560817,750281221,287284544,8/8/8/5q2/1n6/B2k4/B7/2K5 w - - ,159,a2b1 d3c4 b1f5 c4b3 a3b2 b4a2 c1b1 a2c3 b1a1 b3c4 b2c1 c3e2 c1a3 e2c3 a3f8 c3d1 f5h7 d1f2 f8g7 f2d1 h7g8 c4d3 a1a2 d1e3 a2a3 e3c2 a3b3 c2d4 b3b4 d4f5 g8h7 d3e4 g7c3 e4f4 b4c5 f5h4 c5d5 h4f3 c3b2 f3e1 b2c1 f4g4 d5e4 e1g2 c1b2 g4g3 b2e5 g3f2 e5c7 g2e1 h7g6 e1g2 g6h5 g2e1 e4f5 e1g2 c7b6 f2g3 f5g5 g2e1 b6c7 g3f2 g5g4 e1d3 h5e8 f2e2 c7b6 d3e5 g4f4 e5c4 b6d4 e2d3 d4f6 c4b6 e8g6 d3c4 f4e4 b6c8 g6f7 c4c5 e4e5 c8b6 f6e7 c5b5 f7e8 b5c4 e5e4 b6c8 e7f8 c8b6 f8d6 b6a8 d6f4 a8b6 f4e3 b6a8 e8f7 c4b5 e4e5 a8b6 f7e8 b5a6 e3g5 b6c8 g5d8 a6b7 e5d5 c8a7 e8d7 b7a6 d7h3 a6b7 h3g2 a7c6 d5c5 b7c8 d8h4 c6d8 g2h3 c8c7 h4g3 c7b7 g3e5 d8f7 e5f6 b7c7 h3e6 f7d8 f6e5 c7b7 e6c4 b7c8 c5d6 d8b7 d6e7 b7c5 e5d6 c8b7 d6c5 b7c6 c5g1 c6c7 c4b5 c7c8 e7d6 c8d8 g1c5 d8c8 d6c6 c8d8 c6b6 d8c8 c5e7 c8b8 b5a6 b8a8 a6b7 a8b8 e7d6 
KBBKBN,B20v10,2796192900,290463929,9488,4520516832,170320,1186,565068564,21290,104673951,8/8/8/8/8/B1b5/n1K5/k1B5 w - - ,3,c1b2 c3b2 a3b2 
KBBKBN,B20v01,2796192900,290463929,299032,4715334188,1328428,37379,589421791,166076,122186803,8/8/8/8/8/8/b7/knK1B1B1 w - - ,3,g1d4 b1c3 e1c3 
KBBKBN,B11v10,2796192900,290463929,2134259016,6883741728,649784,266782377,860467716,81223,287284544,7b/6n1/8/5B2/8/7K/8/2k3B1 w - - ,179,g1e3 c1d1 f5g4 d1c2 e3d4 c2d3 d4a1 d3e4 g4d7 e4f4 a1f6 f4e4 h3g4 e4d5 f6a1 d5c5 a1b2 c5b4 d7c6 b4c5 c6e4 c5d6 e4b1 d6d5 b1a2 d5e4 b2a1 e4e3 a2b1 e3f2 a1d4 f2e2 b1e4 e2d2 e4g6 d2d1 g6d3 d1d2 d3a6 d2c2 g4f3 c2b3 f3e2 g7e6 d4h8 e6c5 a6b5 b3b4 b5e8 c5e6 e8f7 e6g5 f7a2 b4c5 h8e5 g5e4 e2e3 e4d6 e5d4 c5c6 e3f4 d6b7 f4e5 b7a5 a2b1 a5b7 b1e4 c6c7 d4c3 c7b8 e5f6 b8c8 c3e1 c8c7 e1g3 c7b6 g3f2 b6c7 f6e7 b7a5 f2g3 c7b6 e7d7 b6c5 g3f2 c5c4 e4g6 a5b3 g6f7 c4c3 f2e1 c3c2 d7d6 b3d2 f7g6 c2d1 e1f2 d1e2 f2c5 e2f3 d6e5 d2c4 e5d4 c4e3 g6e4 f3e2 c5b6 e2d2 e4g6 e3c2 d4d5 c2e3 d5e4 e3d1 e4d4 d1e3 b6a5 d2e2 d4e4 e3c2 g6h5 e2f2 e4f4 f2f1 a5b6 f1e1 f4e4 e1d2 b6a5 d2c1 a5c3 c2a3 e4d3 a3b1 c3g7 b1a3 h5e8 a3b1 e8a4 b1a3 d3c3 a3b1 c3b3 c1d1 b3a2 d1e2 a2b1 e2d3 a4b3 d3e4 b1c2 e4f5 c2d3 f5g6 g7e5 g6f5 e5d6 f5g6 d3e4 g6g5 d6e7 g5g4 b3d1 g4g3 e4e3 g3g2 d1e2 g2g1 e3f3 g1h2 e2f1 h2g1 f3e2 g1h2 e2f2 h2h1 f1g2 h1h2 e7d6 
KBBKRN,B20v00,2796192900,964130412,18376,5469501780,3768138132,2297,683694542,471019447,226860754,8/8/8/8/8/B7/n1K5/krB5 w - - ,3,c1b2 b1b2 a3b2 
KBBKRN,B11v00,2796192900,964130412,2188819024,6223149744,606681760,273602378,777893718,75835220,287284544,8/8/8/5r2/1n6/B2k4/B7/2K5 w - - ,159,a2b1 d3c4 b1f5 c4b3 a3b2 b4a2 c1b1 a2c3 b1a1 b3c4 b2c1 c3e2 c1a3 e2c3 a3f8 c3d1 f5h7 d1f2 f8g7 f2d1 h7g8 c4d3 a1a2 d1e3 a2a3 e3c2 a3b3 c2d4 b3b4 d4f5 g8h7 d3e4 g7c3 e4f4 b4c5 f5h4 c5d5 h4f3 c3b2 f3e1 b2c1 f4g4 d5e4 e1g2 c1b2 g4g3 b2e5 g3f2 e5c7 g2e1 h7g6 e1g2 g6h5 g2e1 e4f5 e1g2 c7b6 f2g3 f5g5 g2e1 b6c7 g3f2 g5g4 e1d3 h5e8 f2e2 c7b6 d3e5 g4f4 e5c4 b6d4 e2d3 d4f6 c4b6 e8g6 d3c4 f4e4 b6c8 g6f7 c4c5 e4e5 c8b6 f6e7 c5b5 f7e8 b5c4 e5e4 b6c8 e7f8 c8b6 f8d6 b6a8 d6f4 a8b6 f4e3 b6a8 e8f7 c4b5 e4e5 a8b6 f7e8 b5a6 e3g5 b6c8 g5d8 a6b7 e5d5 c8a7 e8d7 b7a6 d7h3 a6b7 h3g2 a7c6 d5c5 b7c8 d8h4 c6d8 g2h3 c8c7 h4g3 c7b7 g3e5 d8f7 e5f6 b7c7 h3e6 f7d8 f6e5 c7b7 e6c4 b7c8 c5d6 d8b7 d6e7 b7c5 e5d6 c8b7 d6c5 b7c6 c5g1 c6c7 c4b5 c7c8 e7d6 c8d8 g1c5 d8c8 d6c6 c8d8 c6b6 d8c8 c5e7 c8b8 b5a6 b8a8 a6b7 a8b8 e7d6 
KBKBBB,B10v30,980475570,171658043,0,809347008,0,0,101170448,0,10130740,,,
KBKBBB,B10v21,980475570,171658043,62904,1080023768,1570388320,7863,135002971,196298540,36432585,8/8/8/8/8/8/b6B/k1K1b1b1 w - - ,5,h2e5 g1d4 e5d4 e1c3 d4c3 
KBKBBB,B10v12,980475570,171658043,267928,2531280356,175240772,33501,316411926,21905445,40946466,8/8/8/8/8/8/b7/kbK1b1B1 w - - ,3,g1d4 e1c3 d4c3 
KBKBBB,B10v03,980475570,171658043,268024,861697576,38080,33503,107712197,4760,14384625,8/8/8/8/8/1b6/b7/kb1KB3 w - - ,3,d1c1 b1c2 e1c3 
KQBNKB,B10v10,5083836421,887333273,12896866196,6080524,4984,1612109531,760069,623,891275276,8/Q7/3B4/8/3K4/8/4Nb2/1k6 w - - ,77,d4c3 f2a7 c3b3 a7e3 d6a3 e3d2 a3b2 d2b4 e2g3 b4d2 g3e4 d2b4 b2d4 b4e1 d4e3 e1a5 e3g5 a5e1 e4d6 e1f2 d6b5 f2c5 g5h6 c5b4 b3b4 b1c2 b4c4 c2d1 c4d3 d1e1 d3e3 e1f1 b5c3 f1g1 e3f3 g1h1 c3e4 h1g1 e4g3 g1h2 h6e3 h2h3 e3g1 h3h4 g3e4 h4h5 g1d4 h5h4 d4e5 h4h3 e4f2 h3h4 e5f6 h4h5 f3f4 h5g6 f2e4 g6f7 f4f5 f7e8 f5e6 e8f8 e4g3 f8g8 e6e7 g8h7 e7f7 h7h6 f6e7 h6h7 g3f5 h7h8 f7g6 h8g8 f5h6 g8h8 e7f6 
KQBNKB,B10v01,5083836421,887333273,13156911880,11377752,131192,1644613985,1422219,16399,933638319,8/8/8/8/4b3/B3N3/3k2K1/7Q w - - ,73,g2g1 e4h1 e3f1 d2e1 a3b4 e1e2 f1g3 e2f3 g3h1 f3f4 h1f2 f4f5 f2d1 f5e4 b4a3 e4d3 g1f2 d3c2 d1e3 c2b3 a3d6 b3a4 f2f3 a4b5 f3e4 b5a5 e3c4 a5a6 e4d4 a6b7 d4c5 b7a7 c4b6 a7a6 c5c6 a6a7 d6h2 a7a6 h2b8 a6a5 b6d5 a5a4 b8e5 a4b3 d5e3 b3b4 c6b6 b4a4 e5c3 a4b3 c3e1 b3a4 e1d2 a4b3 b6a5 b3a3 d2e1 a3b2 a5a4 b2a2 e3d1 a2a1 a4b3 a1b1 e1d2 b1a1 d2c1 a1b1 c1a3 b1a1 a3b2 a1b1 d1c3 
KRBNKB,B10v10,5356454240,1298540783,15398991384,61157288,7400,1924876231,7644705,925,706063370,8/8/8/R7/Nb6/8/3K4/k5B1 w - - ,77,d2c2 b4a5 c2b3 a5d2 g1d4 a1b1 d4b2 d2a5 a4c5 a5e1 c5e4 e1b4 b2d4 b4e1 d4e3 e1a5 e3g5 a5e1 e4d6 e1f2 d6b5 f2c5 g5h6 c5b4 b3b4 b1c2 b4c4 c2d1 c4d3 d1e1 d3e3 e1f1 b5c3 f1g1 e3f3 g1h1 c3e4 h1g1 e4g3 g1h2 h6e3 h2h3 e3g1 h3h4 g3e4 h4h5 g1d4 h5h4 d4e5 h4h3 e4f2 h3h4 e5f6 h4h5 f3f4 h5g6 f2e4 g6f7 f4f5 f7e8 f5e6 e8f8 e4g3 f8g8 e6e7 g8h7 e7f7 h7h6 f6e7 h6h7 g3f5 h7h8 f7g6 h8g8 f5h6 g8h8 e7f6 
KRBNKB,B10v01,5356454240,1298540783,15641413504,115518248,187616,1955176688,14439781,23452,748229088,5B2/8/8/8/8/3R4/2N1k1K1/5b2 w - - ,75,g2g1 e2d3 c2b4 d3e2 b4d5 e2e1 f8b4 e1e2 d5c3 e2e1 c3e4 e1e2 e4f2 f1g2 g1g2 e2e3 b4e1 e3f4 e1c3 f4f5 g2f3 f5e6 f3e4 e6d7 c3e5 d7c6 f2d3 c6b7 e4d5 b7a7 d3c5 a7a8 e5h2 a8a7 d5c6 a7a8 c5a4 a8a7 a4b6 a7a6 h2b8 a6a5 b6d5 a5a4 b8e5 a4b3 d5e3 b3b4 c6b6 b4a4 e5c3 a4b3 c3e1 b3a4 e1d2 a4b3 b6a5 b3a3 d2e1 a3b2 a5a4 b2a2 e3d1 a2a1 a4b3 a1b1 e1d2 b1a1 d2c1 a1b1 c1a3 b1a1 a3b2 a1b1 d1c3 
KQQBKB,B10v10,2434987407,237549181,4543391528,8,0,567926975,1,0,631363608,7K/8/8/8/3b4/2Q5/4kB2/7Q w - - ,21,h8g8 d4c3 f2g3 c3a5 h1e4 e2d1 e4d3 d1c1 g3d6 a5d2 d6a3 c1d1 a3b4 d1e1 d3d2 e1f1 b4d6 f1g1 d6g3 g1f1 d2f2 
KQQBKB,B10v01,2434987407,237549181,4641318576,3608,26840,580164822,451,3355,655528195,4Q3/8/8/8/8/5b2/5B1Q/5k1K w - - ,27,h2g2 f3g2 h1h2 f1f2 e8a4 g2f3 a4d4 f2e2 h2g3 f3h5 d4e5 e2d3 e5h5 d3c2 h5f3 c2b1 f3e2 b1a1 g3f2 a1b1 f2e3 b1a1 e3d3 a1b1 d3c3 b1a1 e2b2 
KRRBKB,B10v10,2706549480,457821756,6639819356,38724,0,829981528,4848,0,503213480,8/8/8/8/8/4K3/RB5R/1k4b1 w - - ,51,e3d3 g1h2 a2a5 b1b2 a5b5 b2a3 d3c4 h2g1 b5b3 a3a2 c4c3 g1e3 c3c2 e3g1 b3b1 g1h2 b1h1 h2e5 h1h3 e5c7 h3h7 c7b6 h7h6 b6a5 h6a6 a2a3 a6a5 a3b4 a5d5 b4c4 d5d3 c4b5 d3c3 b5b4 c2b2 b4b5 b2a3 b5a6 c3b3 a6a5 b3b1 a5a6 a3a4 a6a7 a4a5 a7a8 a5b6 a8b8 b1c1 b8a8 c1c8 
KRRBKB,B10v01,2706549480,457821756,6763821824,50256,60880,845477728,6282,7610,527858004,K7/8/8/5R2/4R3/3kB3/8/7b w - - ,55,f5d5 d3e4 d5d1 h1f3 d1e1 f3g2 e3c1 e4d3 a8a7 d3d4 c1b2 d4d5 a7b6 g2f3 b6b5 f3g2 b2c3 g2f3 e1e5 d5d6 b5c4 f3h1 e5h5 h1f3 h5h6 d6e7 c3e1 f3d1 e1b4 e7e8 c4d5 d1b3 d5d6 e8f7 b4c3 b3c2 h6f6 f7g7 d6e7 c2g6 c3d2 g6b1 d2h6 g7g8 f6f7 b1a2 f7g7 g8h8 e7f8 a2b1 h6c1 b1a2 c1b2 a2b1 g7a7 
KBBKQB,B20v10,2796192900,843419224,0,1241466484,3279230156,0,155184539,409906501,104673951,,,
KBBKQB,B20v01,2796192900,843419224,197848,1322598184,3394165616,24731,165325088,424275427,122186803,8/8/7B/8/8/8/b7/k1K1Bq2 w - - ,3,h6g7 f1f6 g7f6 
KBBKQB,B11v10,2796192900,843419224,41506640,2824047184,6153096704,5188330,353005898,769137088,287284544,8/3B4/8/8/3q4/8/8/k1K1b1B1 w - - ,45,g1d4 a1a2 c1d1 e1a5 d1c2 a2a3 d4b2 a3b4 b2c3 b4c5 c3a5 c5d6 d7h3 d6c5 h3g2 c5d6 c2d3 d6e5 a5d2 e5f6 d3d4 f6f5 g2h3 f5g6 d4e5 g6f7 d2e3 f7g6 h3f5 g6g7 e5e6 g7f8 e6f6 f8e8 e3b6 e8f8 f5d7 f8g8 f6g6 g8h8 b6c5 h8g8 d7e6 g8h8 c5d4 
KBBKQR,B20v00,2796192900,855855376,0,2325638892,6912019396,0,290708434,864007852,226860754,,,
KBBKQR,B11v00,2796192900,855855376,40650920,2536666392,6441333216,5081365,317083299,805166652,287284544,4r3/8/8/8/3q4/8/8/k1K3BB w - - ,45,g1d4 a1a2 h1d5 a2a3 d4c5 a3a4 d5c6 a4b3 c6e8 b3c4 c5g1 c4d5 g1h2 d5c4 e8c6 c4d4 h2d6 d4c3 d6c5 c3c4 c5g1 c4d3 g1b6 d3c3 c6b5 c3b4 b5f1 b4c3 f1e2 c3b3 b6a5 b3a4 a5e1 a4b3 e1d2 b3a2 c1c2 a2a3 e2b5 a3a2 d2c1 a2a1 c1b2 a1a2 b5c4 
KBNKQB,B10v10,5489198340,1901244071,32728048,5048543084,14106387028,4091020,631068701,1763299901,305311371,8/8/8/8/N7/8/2qb4/k1K3B1 w - - ,77,c1c2 d2e1 c2b3 e1d2 g1d4 a1b1 d4b2 d2a5 a4c5 a5e1 c5e4 e1b4 b2d4 b4e1 d4e3 e1a5 e3g5 a5e1 e4d6 e1f2 d6b5 f2c5 g5h6 c5b4 b3b4 b1c2 b4c4 c2d1 c4d3 d1e1 d3e3 e1f1 b5c3 f1g1 e3f3 g1h1 c3e4 h1g1 e4g3 g1h2 h6e3 h2h3 e3g1 h3h4 g3e4 h4h5 g1d4 h5h4 d4e5 h4h3 e4f2 h3h4 e5f6 h4h5 f3f4 h5g6 f2e4 g6f7 f4f5 f7e8 f5e6 e8f8 e4g3 f8g8 e6e7 g8h7 e7f7 h7h6 f6e7 h6h7 g3f5 h7h8 f7g6 h8g8 f5h6 g8h8 e7f6 
KBNKQB,B10v01,5489198340,1901244071,29175312,5289272904,14253742472,3646914,661159113,1781717809,338903511,1B6/q7/8/8/1N6/4k3/8/5bK1 w - - ,79,b8a7 e3e2 b4d5 e2e1 a7f2 e1e2 f2b6 e2e1 b6a5 e1e2 d5c3 e2e1 c3e4 e1e2 e4f2 f1h3 f2h3 e2e3 a5b4 e3e4 g1f2 e4d3 h3f4 d3d4 b4a3 d4e4 a3d6 e4d4 f2f3 d4c4 f3e4 c4b5 f4e6 b5c6 d6c5 c6b7 e4d5 b7b8 d5c6 b8c8 e6c7 c8b8 c5g1 b8c8 g1a7 c8d8 c7d5 d8e8 a7d4 e8d8 d4e5 d8c8 d5b6 c8d8 e5f6 d8e8 c6d6 e8f7 b6d5 f7f8 d6e6 f8e8 d5e3 e8f8 e3f5 f8e8 f6h4 e8f8 h4e7 f8g8 e6f6 g8h7 f6f7 h7h8 f7g6 h8g8 f5h6 g8h8 e7f6 
KQBKBB,B10v20,2677137390,704019655,3307259272,93747584,0,413408189,11718718,0,213494363,8/8/8/8/5b2/4b2Q/3B1k1K/8 w - - ,47,h2h1 e3d2 h3g2 f2e3 g2f1 d2a5 f1h3 e3f2 h3h4 f2e3 h4e7 e3d3 e7d7 d3e4 d7a4 a5b4 a4b4 e4e3 b4c4 f4g3 c4d5 g3e1 d5b3 e3f4 h1g2 e1d2 b3f3 f4e5 f3e2 d2e3 e2e3 e5d6 e3c1 d6e7 c1c6 e7f8 c6b7 f8g8 g2f3 g8h8 f3e4 h8g8 e4e5 g8h8 e5f6 h8g8 b7g7 
KQBKBB,B10v02,2677137390,704019655,3430332128,117851536,89888,428792076,14731442,11236,235149404,8/8/8/8/8/8/6bK/4kbBQ w - - ,47,g1f2 e1f2 h1g1 f2f3 g1d4 g2h3 d4c3 f3f4 h2g1 h3g2 c3a3 g2h3 g1f2 f1g2 a3a4 g2e4 a4c4 h3f1 c4c1 f4f5 c1f1 f5f4 f1c1 f4f5 c1c3 e4d5 f2e3 d5h1 c3c8 f5g5 c8e6 h1g2 e6g8 g5f6 g8g2 f6e5 g2c6 e5f5 c6d6 f5g5 d6e6 g5h4 e6g6 h4h3 e3f3 h3h4 g6g4 
KQBKBB,B10v11,2677137390,704019655,6958355488,222849584,2461376,869794436,27856198,307672,461873656,8/6Q1/8/8/4bb2/4B3/4k3/7K w - - ,161,h1g1 f4e3 g1h2 e3f4 h2h3 e4f5 h3h4 e2d3 g7a1 d3e4 a1f6 f4e5 f6c6 e4d4 c6a4 d4d5 a4d1 d5e6 d1f1 e5d4 f1e2 e6f6 e2d2 f6e5 h4g3 f5e4 d2g5 e5d6 g3f4 e4d5 g5g6 d6c5 g6c2 c5b4 c2d3 b4c5 f4f5 d5c6 d3c2 c5b5 c2a2 d4c5 f5e6 b5b6 a2c4 c6b7 e6d7 b7c6 d7c8 c6b7 c8d8 b7c6 c4e6 c5d4 e6d6 d4c3 d6a3 c3a5 a3b2 b6c5 d8e7 a5b4 e7e6 b4a5 b2c1 c5b5 e6e5 a5c7 e5d4 c7b6 d4d3 c6d5 c1c8 b6c5 c8d7 d5c6 d7e6 c5a7 e6b3 b5a6 b3b4 a7b6 b4e7 a6b5 e7e5 b5a6 e5b8 a6b5 d3c3 b5c5 b8f8 c5d5 c3b4 c6d7 f8g8 d7e6 g8a8 d5d6 a8b8 b6c7 b8b5 e6f7 b5b7 f7e6 b7e4 c7b6 b4b5 b6d8 e4d3 d6c7 d3d4 e6d7 b5c5 d8e7 c5d5 d7c8 d4f2 c7d7 f2a7 d7e8 a7a8 e8d7 a8c6 d7d8 d5e5 c8h3 c6b6 d8c8 e5d5 h3f5 b6d4 f5d7 d4f4 d7h3 f4e3 h3g2 d5e6 e7h4 e3c1 c8b7 c1b2 b7c6 b2g2 c6c5 g2g1 c5b4 g1d4 b4a3 d4h4 a3b2 h4c4 b2a1 c4e2 a1b1 e6d5 b1a1 d5c4 a1b1 c4b3 b1a1 e2d1 
KBBKRB,B20v10,2796192900,245330126,0,4176446024,344250616,0,522059597,43031443,104673951,,,
KBBKRB,B20v01,2796192900,245330126,271360,4406291724,310398564,33920,550790987,38800339,122186803,8/8/8/8/7B/8/b7/k1K1Br2 w - - ,3,h4f6 f1f6 e1c3 
KBBKRB,B11v10,2796192900,245330126,64283256,8114219248,840148024,8035407,1014277406,105018503,287284544,8/3B4/8/8/3r4/8/8/k1K1b1B1 w - - ,45,g1d4 a1a2 c1d1 e1a5 d1c2 a2a3 d4b2 a3b4 b2c3 b4c5 c3a5 c5d6 d7h3 d6c5 h3g2 c5d6 c2d3 d6e5 a5d2 e5f6 d3d4 f6f5 g2h3 f5g6 d4e5 g6f7 d2e3 f7g6 h3f5 g6g7 e5e6 g7f8 e6f6 f8e8 e3b6 e8f8 f5d7 f8g8 f6g6 g8h8 b6c5 h8g8 d7e6 g8h8 c5d4 
KRRKBB,B00v20,1376421030,470004048,3479028520,283187420,664,434891361,35400398,83,207050720,8/4b3/8/8/7R/6R1/5b2/5k1K w - - ,67,h4f4 e7d6 g3g1 f1e2 f4e4 e2f3 g1g4 f2e3 e4a4 e3f2 g4g5 f2e3 g5d5 d6g3 d5h5 e3c1 a4a1 c1b2 a1f1 f3e2 h1g2 b2d4 f1f3 g3e1 h5b5 e1d2 b5b3 d2c1 g2h3 c1d2 h3g4 e2d1 b3a3 d4b2 a3a2 d1c1 f3f2 c1b1 a2b2 b1b2 f2d2 b2c3 d2d1 c3c2 d1d4 c2c3 d4e4 c3d2 g4f4 d2d3 f4f3 d3c2 e4e3 c2b1 e3e2 b1a1 e2f2 a1b1 f3e3 b1a1 e3d3 a1b1 d3c3 b1a1 c3b3 a1b1 f2f1 
KRRKBB,B00v11,1376421030,470004048,3538433152,340066520,1139848,442304144,42508315,142481,214123528,8/8/6b1/4b3/3R4/8/2k5/R6K w - - ,89,a1a2 c2b1 d4a4 g6c2 a4a5 c2e4 h1g1 e5c3 a5a4 e4c6 a4a3 c3b2 a3a6 b2d4 g1h2 c6b5 a6a3 d4b2 a3a8 b5c6 a8a6 b2e5 h2h3 c6b5 a6a3 e5b2 a3a8 b5c6 a8a6 c6d7 h3h4 d7c8 a6a8 b2f6 h4h5 c8b7 a8a4 b7c6 a4a3 f6b2 a3a6 c6f3 h5g5 f3e2 a6a4 e2f3 a4a5 b2c3 a5a3 c3b4 a2a1 b1b2 a3a2 b2c3 a2h2 f3e4 h2h3 c3b2 a1a6 b4e1 h3h2 b2c3 a6a3 c3d4 a3a4 d4e3 h2h3 e4f3 a4f4 e1d2 g5f5 e3d3 h3f3 d3e2 f3f2 e2e1 f2h2 d2f4 f5f4 e1d1 f4e3 d1c1 e3d3 c1b1 d3c3 b1a1 c3b3 a1b1 h2h1 
KRBKBB,B10v20,2822371200,627929243,2202812192,1887044216,0,275352212,235882695,0,162132912,8/8/8/b7/7B/1Rb5/8/k5K1 w - - ,113,h4e7 c3b2 g1f1 a1a2 b3b7 b2a3 e7f6 a3c5 b7b2 a2a3 f1e2 a5d8 f6g7 d8b6 b2b1 c5d4 g7h6 a3a4 h6d2 b6a5 d2f4 a5b6 e2d3 a4a5 d3c4 a5a6 b1e1 a6b7 e1e7 b7c6 e7e6 c6d7 c4d5 d4f2 f4g5 b6c5 e6e2 f2g1 g5f4 g1d4 f4g3 c5b6 e2e4 d4f6 e4e6 f6d4 g3h4 b6c5 e6h6 d7c7 h4g3 c7b7 h6h1 d4g1 h1h8 g1f2 g3e5 c5a7 e5d6 f2g1 h8h3 g1e3 h3f3 e3g1 f3f7 b7b6 d6c7 b6b7 c7e5 b7b6 f7f3 b6b7 f3b3 a7b6 b3g3 g1e3 g3g7 b7a6 d5c6 a6a5 g7g4 e3d2 e5f6 d2e1 f6e7 e1c3 g4c4 c3a1 e7g5 a1c3 c4c3 a5b4 c3f3 b6g1 c6d5 b4b5 g5d2 g1h2 d2e3 h2c7 e3c5 c7a5 f3b3 b5a4 d5c4 a5b4 b3b4 a4a3 c5d4 a3a2 b4b5 a2a3 b5a5 
KRBKBB,B10v02,2822371200,627929243,1604589992,2650417832,134352,200574494,331303724,16794,183545707,b7/8/8/B7/2b5/8/K2R4/7k w - - ,173,a2b2 h1g1 b2c3 c4b5 d2b2 b5a6 a5b6 g1f1 b2a2 a8b7 c3d2 f1g2 d2e3 g2g3 a2a4 a6b5 b6c7 g3h3 a4b4 b7a6 e3f4 h3g2 c7d8 b5e2 b4b1 a6b5 b1c1 b5c4 c1e1 g2f2 d8h4 f2g2 h4e7 g2f2 e1b1 e2d3 b1b2 f2f1 e7a3 d3e2 b2b1 f1g2 a3c5 e2f1 b1b7 f1d3 b7a7 c4b5 c5d4 b5c4 f4e3 g2f1 d4c3 d3e2 a7g7 c4e6 g7g3 e6c4 c3a5 c4b5 g3g6 e2h5 g6g5 b5e2 g5g3 e2f3 a5b6 f3g2 e3d2 h5f3 g3g5 f3d5 b6d4 d5b7 d2e3 b7d5 g5g6 g2f3 g6d6 d5a8 d6a6 a8d5 a6a1 f1g2 e3f4 g2h3 a1g1 f3g2 g1c1 g2e4 d4a7 d5c6 c1g1 e4g2 g1b1 g2f3 b1b6 f3d5 b6b2 d5e6 a7g1 c6g2 b2b8 g2c6 g1f2 e6f7 f2e1 c6d5 b8b5 h3g2 b5b2 g2h3 b2d2 d5c6 d2d3 h3g2 e1g3 g2h3 g3f2 h3g2 d3d2 f7d5 f2g3 g2f1 f4e3 d5e4 d2e2 e4h1 g3e5 h1g2 e5d6 g2h1 d6b4 c6f3 e2a2 f3d1 a2f2 f1g1 b4c5 h1g2 e3d2 g1h2 d2d1 h2g3 d1d2 g2h1 d2e3 g3g4 c5e7 h1b7 f2f4 g4h5 f4f5 h5g4 f5g5 g4h4 e3f4 h4h3 g5g3 h3h2 e7d6 b7g2 f4e3 h2g1 e3e2 g1h1 d6f4 g2f1 e2f1 h1h2 f4e5 h2h1 g3g1 
KRBKBB,B10v11,2822371200,627929243,5114060552,3499311072,4112040,639257569,437413884,514005,356377204,8/8/8/2K5/6R1/8/2b5/2b3Bk w - - ,183,g1d4 c1a3 c5d5 c2b3 d5c6 b3a4 c6c7 a3e7 g4e4 e7f8 e4e2 a4b5 e2b2 b5a4 b2f2 f8e7 f2e2 e7f8 d4a7 a4b5 e2b2 b5d3 c7d7 f8a3 b2f2 a3b4 a7d4 d3c4 d7c6 c4e6 f2c2 b4f8 d4b6 f8g7 c2d2 e6c4 c6d6 c4f1 d2f2 f1h3 b6c5 g7h8 d6e7 h8e5 f2e2 e5h2 e7f6 h3f1 e2f2 f1d3 f2d2 d3f1 f6f5 h2g1 c5d6 g1e3 d2b2 e3d4 b2a2 h1g1 d6h2 g1h1 h2g3 f1b5 f5e4 d4b6 g3f2 b5c6 e4f4 b6c7 f4f5 c6d7 f5g6 c7d8 f2d4 d7g4 a2b2 g4e6 b2e2 e6h3 g6h5 h3d7 d4a7 d8f6 a7c5 d7h3 e2d2 h3c8 d2f2 f6e5 h5h4 e5c7 c5e3 c7e5 e3a7 e5h2 f2e2 c8f5 a7f2 h2c7 f2d4 f5d3 e2e3 d3f1 e3f3 f1b5 f3b3 b5f1 b3b2 c7d6 h4g4 f1c4 d4b6 d6e5 b2d2 c4a6 d2c2 e5h2 b6f2 h2e5 f2g3 e5d4 g4h3 a6f1 h3h4 f1a6 g3h2 d4g7 h4h3 a6f1 h3g4 f1d3 c2f2 g7d4 f2d2 d3g6 h2c7 d4c3 d2d6 g6e4 g4f4 e4a8 d6d3 c3b4 d3d8 a8c6 d8d4 b4c3 d4c4 c3d2 f4g3 d2e1 g3g4 c6d7 g4f3 d7e6 c4c1 e6d5 f3f4 h1g2 c1e1 d5c4 c7a5 g2f2 e1d1 c4a6 d1d2 f2e1 f4e3 e1f1 d2f2 f1g1 a5b6 a6f1 e3f4 f1h3 f4g3 h3g2 b6e3 g2f3 f2f3 g1h1 f3f1 
KRKBBB,B00v30,973025640,274649404,3294448,1537446384,0,411806,192185208,0,39110146,8/8/8/8/8/2b1R1b1/2K5/k5b1 w - - ,57,e3c3 g3d6 c3d3 a1a2 d3d6 a2a3 c2c3 a3a4 d6d5 g1b6 c3c4 a4a3 d5b5 b6g1 b5b3 a3a2 c4c3 g1e3 c3c2 e3g1 b3b1 g1h2 b1h1 h2e5 h1h3 e5c7 h3h7 c7b6 h7h6 b6a5 h6a6 a2a3 a6a5 a3b4 a5d5 b4c4 d5d3 c4b5 d3c3 b5b4 c2b2 b4b5 b2a3 b5a6 c3b3 a6a5 b3b1 a5a6 a3a4 a6a7 a4a5 a7a8 a5b6 a8b8 b1c1 b8a8 c1c8 
KRKBBB,B00v21,973025640,274649404,8890928,2529667328,2387122720,1111366,316209794,298394002,125603318,8/8/8/bbR5/8/3K4/8/1k4b1 w - - ,61,c5b5 a5b4 b5b4 b1c1 b4e4 c1b2 e4e5 b2a3 d3c4 g1f2 e5e6 f2g1 e6e1 g1f2 e1f1 f2b6 f1b1 b6f2 b1b3 a3a2 c4c3 f2e1 c3c2 e1f2 b3h3 f2e1 h3h1 e1f2 h1f1 f2c5 f1f5 c5b4 f5f6 b4a5 f6a6 a2a3 a6a5 a3b4 a5d5 b4c4 d5d3 c4b5 d3c3 b5b4 c2b2 b4b5 b2a3 b5a6 c3b3 a6a5 b3b1 a5a6 a3a4 a6a7 a4a5 a7a8 a5b6 a8b8 b1c1 b8a8 c1c8 
KBNKRB,B10v10,5489198340,2044543693,63656592,16149968100,2974033468,7957152,2018748031,371754439,305311371,8/8/8/8/N7/8/2rb4/k1K3B1 w - - ,77,c1c2 d2e1 c2b3 e1d2 g1d4 a1b1 d4b2 d2a5 a4c5 a5e1 c5e4 e1b4 b2d4 b4e1 d4e3 e1a5 e3g5 a5e1 e4d6 e1f2 d6b5 f2c5 g5h6 c5b4 b3b4 b1c2 b4c4 c2d1 c4d3 d1e1 d3e3 e1f1 b5c3 f1g1 e3f3 g1h1 c3e4 h1g1 e4g3 g1h2 h6e3 h2h3 e3g1 h3h4 g3e4 h4h5 g1d4 h5h4 d4e5 h4h3 e4f2 h3h4 e5f6 h4h5 f3f4 h5g6 f2e4 g6f7 f4f5 f7e8 f5e6 e8f8 e4g3 f8g8 e6e7 g8h7 e7f7 h7h6 f6e7 h6h7 g3f5 h7h8 f7g6 h8g8 f5h6 g8h8 e7f6 
KBNKRB,B10v01,5489198340,2044543693,35508808,8049051440,11487630440,4438601,1006131430,1435953805,338903511,1B6/r7/8/8/1N6/4k3/8/5bK1 w - - ,79,b8a7 e3e2 b4d5 e2e1 a7f2 e1e2 f2b6 e2e1 b6a5 e1e2 d5c3 e2e1 c3e4 e1e2 e4f2 f1h3 f2h3 e2e3 a5b4 e3e4 g1f2 e4d3 h3f4 d3d4 b4a3 d4e4 a3d6 e4d4 f2f3 d4c4 f3e4 c4b5 f4e6 b5c6 d6c5 c6b7 e4d5 b7b8 d5c6 b8c8 e6c7 c8b8 c5g1 b8c8 g1a7 c8d8 c7d5 d8e8 a7d4 e8d8 d4e5 d8c8 d5b6 c8d8 e5f6 d8e8 c6d6 e8f7 b6d5 f7f8 d6e6 f8e8 d5e3 e8f8 e3f5 f8e8 f6h4 e8f8 h4e7 f8g8 e6f6 g8h7 f6f7 h7h8 f7g6 h8g8 f5h6 g8h8 e7f6 
KKBBBB,B00v40,257724390,60500101,0,228080940,0,0,28514118,0,661332,,,
KKBBBB,B00v31,257724390,60500101,0,104967248,901714672,0,13120906,112714334,2926560,,,
KKBBBB,B00v22,257724390,60500101,0,5571772,774601508,0,696580,96829616,2260944,,,
KBNKBN,B10v10,5489198340,68815825,247789548,18936572596,3296016,30973925,2367073686,412011,305311371,8/8/8/8/8/6B1/1n6/2bKN2k w - - ,213,d1c1 b2c4 c1d1 c4e3 d1e2 e3f5 g3f2 f5e7 e2f3 e7c6 f3g3 c6d4 g3g4 d4b3 g4h3 b3c1 e1c2 c1d3 f2b6 d3f2 h3g3 f2e4 g3f4 e4d2 c2e3 h1h2 f4g4 d2b3 b6a7 b3c1 a7d4 c1d3 g4h4 d3f2 d4c5 f2e4 c5b4 e4f2 b4e1 f2d3 e1g3 h2g1 h4g4 d3c5 g4f3 c5e6 g3e5 e6c5 e3g4 c5e6 e5f6 g1f1 g4e3 f1g1 f3g3 e6c5 f6d4 c5b3 d4a7 b3d2 e3c4 g1h1 c4b2 d2c4 b2d1 c4d2 a7b6 d2c4 b6d4 c4d6 g3h3 d6f7 d1b2 f7d6 b2d3 d6f7 h3g3 f7g5 d4e3 g5f7 d3c5 f7e5 c5e6 e5d3 e6g5 d3e5 g5h3 e5c4 e3f4 c4b2 f4d2 b2d1 d2b4 d1b2 b4c5 b2d3 c5d4 d3c1 g3f3 c1b3 d4c3 b3c5 h3g5 c5d7 c3d4 d7b8 f3g3 b8c6 d4c5 c6a5 g5e4 a5b7 c5b4 b7d8 b4a5 d8e6 a5b6 e6g5 e4f2 h1g1 g3f4 g5f7 f2g4 g1g2 g4e3 g2h3 e3f5 h3g2 b6c5 f7d8 f5d4 d8b7 c5b4 g2f1 d4c6 f1f2 b4e7 f2f1 f4e4 f1e2 c6d4 e2d1 e4d3 d1e1 d4c6 e1d1 d3c4 d1c1 c4b5 c1b2 b5b6 b2c3 e7f6 c3c4 b6b7 c4d5 c6d4 d5d6 b7b6 d6d5 b6b5 d5e4 b5c4 e4f4 c4d3 f4g4 f6e5 g4h3 d4f5 h3g2 d3e2 g2g1 e2f3 g1h1 e5d4 h1h2 f5g3 h2h3 d4g1 h3h4 g3e4 h4h5 g1d4 h5h4 d4e5 h4h3 e4f2 h3h4 e5f6 h4h5 f3f4 h5g6 f2e4 g6f7 f4f5 f7e8 f5e6 e8f8 e4g3 f8g8 e6e7 g8h7 e7f7 h7h6 f6e7 h6h7 g3f5 h7h8 f7g6 h8g8 f5h6 g8h8 e7f6 
KBNKBN,B10v01,5489198340,68815825,122604424,19444870616,4715648,15325553,2430608827,589456,338903511,8/8/8/1n6/8/8/1B2b3/4NK1k w - - ,211,f1e2 b5d6 b2d4 d6f5 d4f2 f5e7 e2f3 e7c6 f3g3 c6d4 g3g4 d4b3 g4h3 b3c1 e1c2 c1d3 f2b6 d3f2 h3g3 f2e4 g3f4 e4d2 c2e3 h1h2 f4g4 d2b3 b6a7 b3c1 a7d4 c1d3 g4h4 d3f2 d4c5 f2e4 c5b4 e4f2 b4e1 f2d3 e1g3 h2g1 h4g4 d3c5 g4f3 c5e6 g3e5 e6c5 e3g4 c5e6 e5f6 g1f1 g4e3 f1g1 f3g3 e6c5 f6d4 c5b3 d4a7 b3d2 e3c4 g1h1 c4b2 d2c4 b2d1 c4d2 a7b6 d2c4 b6d4 c4d6 g3h3 d6f7 d1b2 f7d6 b2d3 d6f7 h3g3 f7g5 d4e3 g5f7 d3c5 f7e5 c5e6 e5d3 e6g5 d3e5 g5h3 e5c4 e3f4 c4b2 f4d2 b2d1 d2b4 d1b2 b4c5 b2d3 c5d4 d3c1 g3f3 c1b3 d4c3 b3c5 h3g5 c5d7 c3d4 d7b8 f3g3 b8c6 d4c5 c6a5 g5e4 a5b7 c5b4 b7d8 b4a5 d8e6 a5b6 e6g5 e4f2 h1g1 g3f4 g5f7 f2g4 g1g2 g4e3 g2h3 e3f5 h3g2 b6c5 f7d8 f5d4 d8b7 c5b4 g2f1 d4c6 f1f2 b4e7 f2f1 f4e4 f1e2 c6d4 e2d1 e4d3 d1e1 d4c6 e1d1 d3c4 d1c1 c4b5 c1b2 b5b6 b2c3 e7f6 c3c4 b6b7 c4d5 c6d4 d5d6 b7b6 d6d5 b6b5 d5e4 b5c4 e4f4 c4d3 f4g4 f6e5 g4h3 d4f5 h3g2 d3e2 g2g1 e2f3 g1h1 e5d4 h1h2 f5g3 h2h3 d4g1 h3h4 g3e4 h4h5 g1d4 h5h4 d4e5 h4h3 e4f2 h3h4 e5f6 h4h5 f3f4 h5g6 f2e4 g6f7 f4f5 f7e8 f5e6 e8f8 e4g3 f8g8 e6e7 g8h7 e7f7 h7h6 f6e7 h6h7 g3f5 h7h8 f7g6 h8g8 f5h6 g8h8 e7f6 
KBKBNN,B10v10,2941426710,1144713082,22184,5253090728,5182667152,2773,656640415,647834416,144207216,8/8/8/8/8/8/n1K5/knB1b3 w - - ,1,c1b2 
KBKBNN,B10v01,2941426710,1144713082,468688,4004168904,6645426552,58586,500521113,830678319,161483872,8/8/8/8/8/8/b1n4B/knK5 w - - ,5,h2e5 c2d4 e5d4 b1c3 d4c3 
KQKBBB,B00v30,922603650,407073242,1045301612,247784228,0,130663038,30974764,0,58042031,8/8/8/8/8/4k3/3b3K/b3b2Q w - - ,111,h1g1 e3f4 g1f1 f4e3 f1h3 e3e4 h3h7 e4e3 h7h6 e3e4 h6g6 e4f4 g6f7 f4e3 f7e8 e3d3 e8g6 d3e3 h2h3 a1b2 g6b6 b2d4 b6b3 e3f4 b3f7 f4e3 h3g4 d2b4 f7b3 d4c3 b3b1 c3d2 b1c2 e3d4 g4f3 b4a3 c2b1 a3b4 b1e4 d4c3 f3e2 c3b2 e2d1 b2c3 e4d5 b4a3 d5f3 c3b2 f3g2 b2c3 g2h3 c3b2 h3h2 b2c3 h2h8 c3c4 h8f6 d2b4 d1c2 e1d2 f6e5 d2c1 e5e4 c4c5 c2d3 c5d6 e4f5 d6e7 f5g6 b4d6 d3e4 c1f4 e4f5 e7d7 g6e6 d7c6 e6b3 f4e5 f5e6 c6c5 b3a3 c5c4 a3a4 c4c5 a4e4 d6c7 e4d5 c5b4 d5c6 c7b8 e6d5 b4b3 c6c4 b3b2 c4d3 b2a2 d5c4 e5b2 d3b3 a2a1 b3b8 a1b1 b8h2 b2e5 h2e2 e5b2 c4b3 b2a3 e2a2 b1c1 a2c2 
KQKBBB,B00v21,922603650,407073242,2922914788,974488440,244802916,365365599,121811696,30600713,185145809,8/8/8/5b2/7b/6b1/8/k4KQ1 w - - ,193,f1e2 a1a2 g1a7 a2b1 a7b6 b1c1 b6d4 c1b1 d4b4 b1c1 b4a4 f5c2 a4a1 c2b1 a1a3 c1c2 a3c5 c2b3 c5b5 b3c2 b5c4 c2b2 c4b4 b2c2 b4d2 c2b3 e2d1 g3e1 d2d5 b3c3 d5c6 c3b3 c6b7 e1b4 d1c1 b1d3 b7d5 b3c3 d5e5 c3b3 e5e3 b3c3 e3d2 c3c4 d2f4 c4d5 f4b4 h4g5 c1b2 g5f6 b2b3 f6d4 b4d2 d3f5 d2f4 f5d3 b3b4 d3e4 f4g5 d4e5 g5g8 d5d6 g8c4 e4f5 c4b5 d6e6 b5c6 e6f7 c6h6 e5f6 b4c5 f7e6 h6h1 f6e7 c5c6 e7f8 h1e1 e6f7 c6d5 f8g7 e1e2 f7f6 e2e8 f6g5 e8g8 g5g6 d5c6 g6f6 c6d6 f5g4 g8d8 f6g6 d8e8 g6g5 e8e3 g5g6 e3g1 g6f5 g1g3 g7f6 d6d5 g4h5 g3f2 f5g5 f2e3 g5f5 e3e6 f5g5 d5e4 h5g6 e4e3 f6g7 e6d6 g6f5 e3f3 f5g4 f3g3 g4f5 d6d2 g5g6 d2d5 g6g5 d5g8 g5f6 g3h4 f5e6 g8b8 f6e7 b8b4 e7f7 b4b7 f7g6 b7b1 g6f7 b1h7 f7f6 h7e4 g7f8 e4f3 f6g7 h4h5 e6f7 h5g5 f8e7 g5f4 e7f6 f3b7 g7g8 f4f5 f6h8 b7h1 g8g7 h1a8 f7g6 f5g5 g6f7 a8d8 f7a2 d8d4 g7g8 d4g4 a2f7 g5h6 g8f8 g4b4 f8e8 b4b8 e8d7 b8h8 f7d5 h8f6 d5c6 h6g5 d7c7 g5f5 c7b6 f5e6 b6b5 e6d6 c6e8 d6d5 e8h5 f6b2 b5a6 b2b4 h5f3 d5d6 f3e2 d6c6 e2f3 c6c7 f3d1 b4b6 
KQQKBB,B00v20,1237357440,218254055,2624669436,2552,544,328093276,319,68,280776944,8/4Q3/8/8/5b2/b6Q/5k1K/8 w - - ,47,h2h1 a3e7 h3g2 f2e3 g2f1 f4e5 f1h3 e3f4 h3h2 f4f5 h2h7 f5f6 h1g2 e5d6 h7e4 d6a3 e4d5 a3b2 g2f3 b2e5 f3e4 e7d6 d5g8 e5h2 g8g4 h2f4 g4f5 f6e7 e4d5 d6e5 f5e6 e7f8 e6d7 e5g7 d5e6 f8g8 d7f7 g8h8 f7f4 g7e5 f4g4 e5f4 g4g6 f4c1 e6f7 c1b2 g6h5 
KQQKBB,B00v11,1237357440,218254055,2711802400,103544,421512,338975300,12943,52689,289445901,8/8/4Q3/8/3k4/3b2b1/8/3QK3 w - - ,161,e1d2 g3f4 e6e3 f4e3 d2e1 d4e4 d1a1 d3c4 a1b2 c4d3 b2c3 e3d4 c3c6 e4e5 c6c7 e5d5 c7d8 d5c5 d8g5 c5c4 e1d2 d3e4 g5a5 e4c6 a5d8 c4c5 d2d3 c6b5 d3e4 b5c6 e4f5 c6d5 d8c7 c5b4 c7d6 b4c4 f5f4 d4c3 d6c7 c4b4 c7a7 d5c4 f4e3 b4b3 a7c5 c3b2 e3d2 b2c3 d2c1 c3b2 c1d1 b2c3 c5e3 c4d5 e3d3 d5c6 d3a6 c6a4 a6b7 b3c4 d1e2 a4c2 e2e3 c2a4 b7c7 c4b4 e3e4 a4c2 e4d5 c2b3 d5d6 c3d4 c7c1 b3c4 c1d2 d4c3 d2d1 c3b2 d6c6 b2c3 d1g1 c3b2 g1e3 b2a3 c6b6 a3b2 e3e7 b4a4 e7e4 a4b4 e4b1 b4c3 b6a5 c4d3 b1e1 c3c2 e1f2 c2c3 f2g2 c3b3 g2g8 b3c2 g8a2 c2c3 a2d5 b2c1 d5c5 c3b2 a5a4 d3c2 a4b4 c1d2 b4c4 c2b1 c5d4 b2c2 d4d3 c2c1 d3a3 c1d1 a3b2 b1c2 b2a1 d1e2 a1e5 e2d1 e5h5 d1c1 h5h1 c1b2 h1h8 b2b1 h8d4 b1c1 d4a1 c2b1 c4b3 d2h6 a1b2 c1d1 b2b1 d1e2 b1c2 h6d2 b3c4 e2e3 c2d3 e3f4 d3d2 f4f5 c4d5 f5f6 d2f4 f6g7 f4g5 g7h8 d5e5 h8h7 e5f6 h7h8 g5g7 
KBKRBB,B10v20,2941426710,1248278954,0,898210288,4180305728,0,112277893,522539465,66828165,,,
KBKRBB,B10v02,2941426710,1248278954,534752,1016378504,4275886840,66864,127049472,534485916,84100341,8/8/8/8/8/8/b3r3/kbK1B3 w - - ,3,e1c3 e2b2 c3b2 
KBKRBB,B10v11,2941426710,1248278954,255224,1280496248,9433776624,31903,160062031,1179222078,154762582,8/8/8/8/8/8/b3r3/k1K1b1B1 w - - ,5,g1d4 e1c3 d4c3 e2b2 c3b2 
KKBBBN,B00v30,1030897560,306727388,0,141227628,1777778052,0,17653690,222226430,5583480,,,
KKBBBN,B00v21,1030897560,306727388,0,29934892,6110803988,0,3742021,763855379,17836560,,,
KBKRRB,B10v10,2941426710,1150107706,0,36975628,10398804436,0,4622153,1299855451,144207216,,,
KBKRRB,B10v01,2941426710,1150107706,248800,31490784,10618324560,31100,3936348,1327290570,161483872,8/8/8/8/8/r7/b3r3/k1K3B1 w - - ,5,g1d4 a3c3 d4c3 e2b2 c3b2 
KBKBBN,B10v20,2941426710,997099956,5104,2355855120,2722655792,638,294483839,340332881,66828165,8/8/8/8/8/8/n1K5/k1B1b1b1 w - - ,1,c1b2 
KBKBBN,B10v02,2941426710,997099956,720672,5122291416,169788008,90104,640288647,21223501,84100341,8/8/8/8/8/8/b7/kbKn2B1 w - - ,3,g1d4 d1b2 d4b2 
KBKBBN,B10v11,2941426710,997099956,350536,4231233336,6482944224,43817,528904167,810368028,154762582,8/8/8/8/8/8/b6B/knK3b1 w - - ,5,h2e5 g1d4 e5d4 b1c3 d4c3 
KBKQBB,B10v20,2941426710,948893413,0,857969864,4220546152,0,107247647,527569711,66828165,,,
KBKQBB,B10v02,2941426710,948893413,378576,950941340,4341480180,47332,118869549,542685371,84100341,8/8/8/8/8/8/b7/k1Kbq1B1 w - - ,3,g1d4 e1c3 d4c3 
KBKQBB,B10v11,2941426710,948893413,172184,1220415784,9493940128,21523,152551973,1186742516,154762582,8/8/8/8/8/8/b3q3/k1K1b1B1 w - - ,5,g1d4 e1c3 d4c3 e2b2 c3b2 
KKRBBB,B00v30,1030897560,198179579,0,148938872,1770066808,0,18617733,221262387,5583480,,,
KKRBBB,B00v21,1030897560,198179579,0,61094792,6079644088,0,7637122,759960278,17836560,,,
KBKQQB,B10v10,2941426710,767188436,0,4650696,10431129368,0,581358,1303896246,144207216,,,
KBKQQB,B10v01,2941426710,767188436,118208,5315784,10644630152,14776,664473,1330578769,161483872,8/8/8/8/8/5q2/b3q3/k1K3B1 w - - ,5,g1d4 f3c3 d4c3 e2b2 c3b2 
KQRKBB,B00v20,2656136340,618877718,6184917628,136609484,1208,773119229,17076756,151,516857566,8/8/8/Q1R5/8/4K3/8/1k2b1b1 w - - ,63,e3d3 e1a5 c5b5 a5b4 b5b4 b1c1 b4e4 c1b2 e4e5 b2a3 d3c4 g1f2 e5e6 f2g1 e6e1 g1f2 e1f1 f2b6 f1b1 b6f2 b1b3 a3a2 c4c3 f2e1 c3c2 e1f2 b3h3 f2e1 h3h1 e1f2 h1f1 f2c5 f1f5 c5b4 f5f6 b4a5 f6a6 a2a3 a6a5 a3b4 a5d5 b4c4 d5d3 c4b5 d3c3 b5b4 c2b2 b4b5 b2a3 b5a6 c3b3 a6a5 b3b1 a5a6 a3a4 a6a7 a4a5 a7a8 a5b6 a8b8 b1c1 b8a8 c1c8 
KQRKBB,B00v11,2656136340,618877718,6369824952,154162352,1413448,796228119,19270294,176681,533407544,8/8/6R1/7b/8/2k5/Q4b2/3K4 w - - ,161,g6g4 h5g4 d1c1 f2e3 c1b1 g4f5 b1a1 e3d4 a2f7 f5d3 f7f4 d3c2 a1a2 c2b3 a2b1 b3d5 f4f5 d5b3 f5f3 c3c4 f3h3 b3a4 h3c8 c4b4 c8c7 a4b3 c7c6 d4c3 b1c1 b3a4 c6e4 b4b3 e4f4 a4b5 f4c7 b3b4 c1c2 b5a4 c2d3 a4b5 d3e3 b5c4 c7c6 b4b3 c6c5 c3b2 e3d2 b2c3 d2c1 c3b2 c1d1 b2c3 c5e3 c4d5 e3d3 d5c6 d3a6 c6a4 a6b7 b3c4 d1e2 a4c2 e2e3 c2a4 b7c7 c4b4 e3e4 a4c2 e4d5 c2b3 d5d6 c3d4 c7c1 b3c4 c1d2 d4c3 d2d1 c3b2 d6c6 b2c3 d1g1 c3b2 g1e3 b2a3 c6b6 a3b2 e3e7 b4a4 e7e4 a4b4 e4b1 b4c3 b6a5 c4d3 b1e1 c3c2 e1f2 c2c3 f2g2 c3b3 g2g8 b3c2 g8a2 c2c3 a2d5 b2c1 d5c5 c3b2 a5a4 d3c2 a4b4 c1d2 b4c4 c2b1 c5d4 b2c2 d4d3 c2c1 d3a3 c1d1 a3b2 b1c2 b2a1 d1e2 a1e5 e2d1 e5h5 d1c1 h5h1 c1b2 h1h8 b2b1 h8d4 b1c1 d4a1 c2b1 c4b3 d2h6 a1b2 c1d1 b2b1 d1e2 b1c2 h6d2 b3c4 e2e3 c2d3 e3f4 d3d2 f4f5 c4d5 f5f6 d2f4 f6g7 f4g5 g7h8 d5e5 h8h7 e5f6 h7h8 g5g7 
KKQBBB,B00v30,1030897560,171116547,0,164677964,1754327716,0,20584967,219295153,5583480,,,
KKQBBB,B00v21,1030897560,171116547,0,113376424,6027362456,0,14172123,753425277,17836560,,,
KKBBNN,B00v20,1546346340,502654618,0,22398516,5926479444,0,2800076,740827372,17284932,,,
KKBBNN,B00v11,1546346340,502654618,0,22085752,6118653128,0,2760719,764831641,17841600,,,
KRKBBN,B00v20,2919076920,667247069,27143768,8940853848,579905856,3392981,1117616075,72489588,242941316,Rb3b2/8/8/8/8/8/1k1Kn3/8 w - - ,79,a8b8 b2a3 b8f8 e2d4 d2c3 d4b5 c3c4 b5d6 c4c5 d6b7 c5b6 b7d6 f8f4 a3b3 b6c5 d6b7 c5c6 b7d8 c6b5 d8e6 f4f3 b3c2 b5c4 c2d2 f3f5 d2c2 f5f2 c2d1 c4d5 e6c7 d5d4 c7e6 d4e3 e6c5 f2b2 d1c1 b2b4 c5e6 b4b7 e6g5 b7c7 c1b1 c7e7 b1c2 e3f4 g5h3 f4g3 h3g1 e7e1 g1h3 g3h3 c2d3 h3g3 d3d4 g3f4 d4d5 e1d1 d5c4 f4e5 c4c3 d1d4 c3b2 d4d3 b2b1 d3c3 b1a1 e5d4 a1b1 d4d3 b1b2 d3d2 b2b1 c3c2 b1a1 d2c3 a1b1 c3b3 b1a1 c2c1 
KRKBBN,B00v11,2919076920,667247069,26714296,5231574768,4593072888,3339287,653946846,574134111,251216716,8/8/n7/8/8/1K6/Rb4b1/1k6 w - - ,79,a2b2 b1c1 b2c2 c1d1 c2g2 a6c5 b3c4 c5e4 c4d3 e4c5 d3d4 c5b3 d4c3 b3c5 g2g4 d1e2 g4c4 c5b7 c3d4 b7d6 c4c5 e2f3 c5d5 d6e8 d5d8 e8g7 d8f8 f3e2 d4e4 g7h5 f8f3 h5g7 f3a3 g7h5 a3a2 e2e1 a2g2 h5f6 e4d4 e1d1 g2g6 f6h7 g6g7 h7f8 d4e5 d1d2 e5f5 d2e3 g7f7 f8g6 f5g6 e3e4 f7a7 e4d3 a7a4 d3c2 a4a3 c2b1 a3e3 b1c1 e3e2 c1d1 e2a2 d1c1 a2h2 c1b1 g6f5 b1a1 h2e2 a1b1 f5e4 b1a1 e4d3 a1b1 d3c3 b1a1 c3b3 a1b1 e2e1 
KKRRBB,B00v20,1546346340,267590415,0,77343468,5871534492,0,9668816,733958632,17284932,,,
KKRRBB,B00v11,1546346340,267590415,0,80624304,6060114576,0,10078038,757514322,17841600,,,
KQRBKB,B10v10,5224923180,664654373,11060126324,8796,0,1382517043,1107,0,1191048095,8/8/8/6b1/8/4K3/6k1/2Q3BR w - - ,51,e3e2 g5c1 h1h4 g2g1 h4g4 g1h2 e2f2 h2h3 g4e4 c1b2 f2f3 b2c3 e4e3 c3f6 e3e6 f6g5 e6e1 h3h2 e1e2 h2h3 e2a2 g5h6 a2a6 h6d2 a6d6 d2g5 d6d7 g5h6 d7h7 h3h4 h7h6 h4g5 h6e6 g5f5 e6e4 f5g6 e4f4 g6h7 f4g4 h7h8 g4g1 h8h7 f3e4 h7h8 e4e5 h8h7 e5f6 h7h8 f6f7 h8h7 g1h1 
KQRBKB,B10v01,5224923180,664654373,11281704552,20272,82024,1410213069,2534,10253,1241131079,8/3Q4/8/5K2/8/7b/4kB2/5R2 w - - ,53,f5f4 h3d7 f1c1 e2f2 c1c2 f2f1 f4f3 f1e1 f3e3 e1f1 c2f2 f1g1 e3f3 d7f5 f3g3 f5g6 f2f8 g6h5 f8f5 h5d1 f5d5 d1b3 d5d3 b3c2 d3c3 c2d1 c3c1 g1f1 c1d1 f1e2 d1d4 e2e3 d4a4 e3d2 a4a3 d2c2 a3e3 c2d1 g3f3 d1d2 f3f2 d2c1 e3e2 c1b1 f2e3 b1a1 e3d3 a1b1 d3c3 b1a1 c3b3 a1b1 e2e1 
KRKRBB,B00v20,2919076920,942292221,17078396,3956833748,5573991328,2134800,494606697,696757147,242941316,8/8/8/brR5/8/3K4/8/1k4b1 w - - ,61,c5b5 a5b4 b5b4 b1c1 b4e4 c1b2 e4e5 b2a3 d3c4 g1f2 e5e6 f2g1 e6e1 g1f2 e1f1 f2b6 f1b1 b6f2 b1b3 a3a2 c4c3 f2e1 c3c2 e1f2 b3h3 f2e1 h3h1 e1f2 h1f1 f2c5 f1f5 c5b4 f5f6 b4a5 f6a6 a2a3 a6a5 a3b4 a5d5 b4c4 d5d3 c4b5 d3c3 b5b4 c2b2 b4b5 b2a3 b5a6 c3b3 a6a5 b3b1 a5a6 a3a4 a6a7 a4a5 a7a8 a5b6 a8b8 b1c1 b8a8 c1c8 
KRKRBB,B00v11,2919076920,942292221,16496800,4115586136,5719279016,2062100,514448267,714909877,251216716,8/8/8/rR5b/8/3K4/8/k5b1 w - - ,57,b5a5 a1b2 a5h5 b2a3 d3c4 a3b2 h5g5 g1a7 g5g7 a7e3 g7g2 b2c1 c4d3 e3f4 g2c2 c1b1 d3c3 f4g3 c3b3 g3b8 c2c5 b8a7 c5a5 a7b6 a5b5 b6e3 b5e5 e3d2 e5f5 d2e1 f5f1 b1c1 f1e1 c1d2 e1e4 d2d3 e4c4 d3e2 c4c3 e2d2 b3b2 d2e2 b2c1 e2f1 c3c2 f1e1 c2a2 e1f1 c1d1 f1g1 d1e1 g1h1 e1f2 h1h2 a2a3 h2h1 a3h3 
KKQQBB,B00v20,1546346340,233597291,0,189793324,5759084636,0,23725124,719902324,17284932,,,
KKQQBB,B00v11,1546346340,233597291,0,195276024,5945462856,0,24409503,743182857,17841600,,,
KQBKBN,B10v10,5354274780,1421095089,13697166324,288169076,344760,1712146968,36021217,43095,888863222,8/8/8/8/8/5kB1/3Qnb2/6K1 w - - ,101,g1h2 f2g3 h2h1 f3f2 d2b4 g3f4 b4b7 f4g3 b7g2 f2e3 g2f1 g3f2 f1a1 e2f4 a1a8 e3e2 a8e4 f2e3 h1h2 e2f2 e4b1 e3d2 b1b3 d2c1 b3c2 f4e2 h2h3 f2e3 c2b3 e3d4 b3b1 c1d2 h3g4 e2c3 b1c2 d2h6 c2g6 h6d2 g6d6 c3d5 g4f5 d2b4 d6d7 d4c5 d7f7 d5b6 f5e4 c5c6 f7e8 c6c5 e8e6 b4c3 e6a2 c3b4 a2b3 c5b5 e4d4 b5a5 b3d3 b4e7 d4c3 b6a4 c3c2 a4c5 d3e2 e7h4 c2c3 a5b6 c3c4 c5d7 c4d5 d7f6 d5e6 f6e8 e2e4 e8c7 e6d7 c7a6 e4h4 b6c5 h4f2 c5c4 f2f1 c4d4 f1a6 d4e3 a6a1 e3d2 d7e6 d2e3 a1c3 e3f4 c3e1 f4f3 e6f5 f3g2 f5f4 g2h2 f4f3 h2h3 e1h1 
KQBKBN,B10v01,5354274780,1421095089,13949930416,329504992,778144,1743741302,41188124,97268,932173584,8/8/8/8/4b3/6Q1/3nk3/4B2K w - - ,105,h1g1 d2f3 g1g2 f3g5 g2h2 g5f3 h2h3 e4f5 h3g2 f3e1 g2h2 e1f3 h2h1 f5e6 g3g2 e2e3 g2f1 f3e5 f1a1 e5d3 h1g2 d3f4 g2g3 f4e2 g3h4 e2d4 a1c1 e3e4 h4g5 e6d7 c1e1 e4d5 g5f4 d4e6 f4e3 d7c6 e1d1 d5e5 d1d3 c6d5 d3a6 e6d8 a6c8 d8f7 c8c3 e5d6 c3b4 d6d7 b4b5 d5c6 b5f5 d7e7 f5c5 e7d7 c5a7 d7e6 e3d4 c6d7 a7c7 e6e7 d4d5 e7e8 c7c5 d7g4 d5c6 f7d8 c6b6 d8e6 c5b4 g4d1 b6c6 e8f7 c6d6 e6g5 d6e5 g5f3 e5f4 f3h4 b4d4 h4g6 f4g5 g6f8 d4d1 f7e6 d1e1 e6d5 g5f5 f8h7 e1h1 d5c4 h1h7 c4c3 h7h4 c3c2 h4a4 c2d3 f5f4 d3c3 f4e3 c3b2 e3d2 b2b1 d2c3 b1c1 a4a1 
KQBKRB,B10v10,5354274780,1809439785,13156341960,657984808,171353392,1644543882,82248224,21419174,888863222,8/b7/8/8/7Q/K4r2/5B2/2k5 w - - ,139,a3b4 f3f2 h4h1 c1d2 h1d5 d2c1 d5e5 a7b6 b4b3 f2f3 b3c4 b6f2 e5e2 f3f8 c4b3 f8b8 b3a4 b8a8 a4b5 a8b8 b5a6 b8a8 a6b7 a8f8 e2c4 c1d1 c4g4 d1c1 b7c7 f2a7 g4g5 c1c2 g5g6 c2b3 g6d3 b3b2 c7b7 f8f7 b7a6 f7g7 d3d2 b2b3 a6b5 g7b7 b5a5 b7g7 d2d3 b3b2 d3f3 g7c7 a5b4 a7c5 b4a4 c5a7 f3b3 b2a1 b3d3 a1b2 d3b5 b2c2 b5e2 c2c1 a4b3 c7b7 b3a2 b7d7 e2e1 c1c2 e1a5 d7g7 a5f5 c2d2 f5d5 d2c1 d5d3 g7g2 a2b3 g2f2 d3c3 c1d1 c3a1 d1d2 a1a7 f2f3 b3c4 f3f4 c4d5 d2d3 a7a3 d3e2 a3c1 f4h4 c1c2 e2f3 c2d1 f3f2 d1d3 h4f4 d5e5 f4f8 d3d5 f8f3 d5d2 f2g3 e5e4 f3f1 d2d3 g3g2 d3e2 f1f2 e2g4 g2h2 e4e3 f2f1 g4g5 h2h3 e3e2 f1a1 g5h6 h3g4 h6g7 g4f5 g7a1 f5e6 a1d1 e6f7 d1d6 f7g8 d6c7 g8h8 e2d3 h8g8 d3d4 g8h8 d4e5 h8g8 e5f6 g8h8 c7g7 
KQBKRB,B10v01,5354274780,1809439785,13405373152,634363648,240476752,1675671644,79295456,30059594,932173584,8/7b/1Q6/8/8/2B5/4k3/5r1K w - - ,143,h1h2 f1f2 h2h3 f2f3 h3g4 f3c3 b6b2 c3c2 b2e5 e2f1 e5d5 h7g6 g4g3 c2c3 g3f4 g6c2 d5d2 c3c8 f4g3 c8g8 g3h4 g8h8 h4g5 h8g8 g5h6 g8h8 h6g7 h8c8 d2f4 f1e1 f4b4 e1f1 g7f7 c2h7 b4b5 f1f2 b5b6 f2g3 b6e3 g3g2 f7g7 c8c7 g7h6 c7b7 e3e2 g2g3 h6g5 b7g7 g5h5 g7b7 e2e3 g3g2 e3c3 b7f7 h5g4 h7f5 g4h4 f5h7 c3g3 g2f1 g3e3 f1g2 e3g5 g2f2 g5d2 f2f1 h4g3 f7g7 g3h2 g7e7 d2d1 f1f2 d1h5 e7b7 h5c5 f2e2 c5e5 e2f1 e5e3 b7b2 h2g3 b2c2 e3f3 f1e1 f3h1 e1e2 h1h7 c2c3 g3f4 c3c4 f4e5 e2e3 h7h3 e3d2 h3f1 c4a4 f1f2 d2d3 f2e1 d3c2 e1e3 a4c4 e5d5 c4c8 e3e5 c8c3 e5e2 c2c1 d5d4 c3c7 e2e1 c1c2 e1f2 c2b1 f2g3 c7c1 g3b3 b1a1 d4d3 c1h1 b3a4 a1b2 a4d4 b2a3 d4a7 a3b4 a7b7 b4c5 b7h1 c5d6 h1e1 d6d7 d3c4 d7d6 e1e8 d6c7 c4c5 c7b7 e8d7 b7a6 d7e7 a6a5 e7a7 
KQKBBN,B00v20,2767810950,1381494427,6004267252,1696243076,320953336,750535801,212032500,40119753,359275262,2Q2n2/6b1/8/8/8/b7/3k4/K7 w - - ,173,a1b1 g7c3 c8d8 d2e3 d8g5 e3d3 g5f5 d3e3 f5h3 e3d4 h3g4 d4e3 g4g3 e3d4 g3f4 d4d3 f4f3 d3c4 f3f1 c4d4 f1f6 d4c4 f6a6 c4b3 a6d3 a3c5 d3d5 b3b4 b1c2 c3d4 d5b7 c5b6 b7f7 b6c5 c2d3 b4b5 f7b7 c5b6 b7a8 d4c5 a8c8 b5b4 c8c6 b6a7 d3e4 c5d4 c6b7 b4c3 b7d5 a7c5 d5f7 c3b4 e4d5 b4a5 f7e8 d4f2 e8c6 a5b4 c6b7 b4c3 b7b5 f2d4 b5f1 d4g1 f1c4 c3b2 c4g4 b2c3 d5c6 g1e3 c6b5 c5d4 g4c8 d4c5 c8f5 e3g1 f5f4 g1d4 f4f1 d4g1 f1c4 c3d2 c4b3 g1e3 b3a2 d2d3 a2c4 d3d2 c4b3 e3g1 b3h3 g1d4 b5c4 d2e2 h3g3 e2d2 g3f4 d4e3 f4h2 e3f2 h2g2 d2e3 c4c5 f8e6 c5d6 e6f4 g2b7 f4d3 d6d5 d3f4 d5e5 f4d3 e5f5 e3d2 b7c6 d2e3 c6f6 f2e1 f6b6 e3e2 b6e6 e2d2 f5g4 e1f2 g4f3 f2d4 e6e2 d2c3 f3e4 d3c5 e4d5 c5b3 e2c4 c3b2 c4d3 d4c3 d3b5 b2c2 b5a4 c2b2 d5c4 b3a5 c4d3 c3e1 a4c2 b2a3 c2c1 a3b4 c1e1 b4b5 e1c1 a5c6 c1c4 b5b6 d3e4 b6b7 c4c5 c6d8 c5e7 b7c8 e4d5 d8b7 d5c4 b7a5 c4b5 a5c4 b5c4 c8b8 c4b5 b8c8 b5a6 c8b8 e7b7 
KQKBBN,B00v11,2767810950,1381494427,6677127800,1088859696,518424792,834640975,136107462,64803099,370296098,8/8/6b1/7n/8/4K2Q/1k6/6b1 w - - ,227,e3f3 g6c2 h3d7 c2e4 f3e2 h5g3 e2d2 g3f1 d2e1 f1h2 d7d2 b2b3 e1d1 h2f1 d2e2 e4g2 e2c2 b3b4 c2b2 b4c4 d1e1 f1e3 e1e2 c4d5 b2a2 d5d6 a2b1 g2f1 e2f3 d6d5 b1e4 d5c5 e4h7 f1g2 f3g3 c5d4 h7a7 d4d3 a7a3 d3e4 a3b4 e4e5 b4b2 e5d5 g3f4 g2f1 b2b7 d5c5 b7g7 f1g2 g7a7 c5c4 a7a2 c4c5 f4g5 g2f1 a2a4 c5d5 a4h4 f1g2 h4f4 d5c6 f4d4 c6c7 d4e5 c7c8 g5h4 c8d7 e5d4 d7c7 d4c3 c7d6 c3e1 e3f1 e1d1 d6c7 d1c1 c7d7 c1b2 f1e3 h4g5 d7d6 b2d2 d6e6 d2d4 g2d5 d4a1 g1h2 a1c3 h2e5 c3c8 e6d6 c8b8 d6e6 b8b6 e5d6 b6e3 d6e5 e3c5 e5f6 g5f4 f6e5 f4e3 e5f6 c5b6 e6e7 b6b8 d5e6 e3f4 e7f7 b8d6 f6g7 f4g5 g7f6 g5h6 f6g7 h6h5 g7f6 d6f4 e6d5 f4f5 d5c6 f5c8 c6e8 c8b7 f7e6 h5g4 e8g6 g4f4 g6e8 b7a6 e6e7 f4e4 e8g6 e4d5 g6f7 d5c5 f6e5 a6h6 f7e6 h6g5 e5f6 g5f4 e6g8 f4c7 e7f8 c7d7 g8f7 d7g4 f8e7 g4e4 e7f8 e4h7 f8e7 c5c6 e7e6 h7h3 e6e5 c6d7 f6g5 h3h2 g5f4 h2h8 e5f5 h8h7 f7g6 h7e7 f4g3 e7g7 g3f4 g7d4 g6f7 d7e7 f7h5 d4c5 f5g6 c5d5 f4g5 e7e6 h5g4 e6e5 g5h6 d5g2 g6g5 g2g3 g5h5 e5f6 h6g5 f6g7 g4f5 g3f3 f5g4 f3h1 g5h4 h1e4 h4g3 e4e3 h5h4 e3h6 g4h5 g7f6 h4g4 h6g5 g4f3 g5h5 f3f4 h5c5 g3h4 f6g6 h4e1 c5c1 f4e5 c1e1 e5d4 e1b4 d4d3 g6f5 d3e3 b4c3 e3f2 f5f4 f2g2 c3e1 g2h2 f4f3 h2h3 e1h1 
KRKQBB,B00v20,2919076920,991278140,10468016,2286859104,7250576352,1308502,285859517,906330625,242941316,8/8/8/bqR5/8/3K4/8/1k4b1 w - - ,61,c5b5 a5b4 b5b4 b1c1 b4e4 c1b2 e4e5 b2a3 d3c4 g1f2 e5e6 f2g1 e6e1 g1f2 e1f1 f2b6 f1b1 b6f2 b1b3 a3a2 c4c3 f2e1 c3c2 e1f2 b3h3 f2e1 h3h1 e1f2 h1f1 f2c5 f1f5 c5b4 f5f6 b4a5 f6a6 a2a3 a6a5 a3b4 a5d5 b4c4 d5d3 c4b5 d3c3 b5b4 c2b2 b4b5 b2a3 b5a6 c3b3 a6a5 b3b1 a5a6 a3a4 a6a7 a4a5 a7a8 a5b6 a8b8 b1c1 b8a8 c1c8 
KRKQBB,B00v11,2919076920,991278140,9945480,1434738312,8406678160,1243185,179342289,1050834770,251216716,8/8/8/qR5b/8/3K4/8/k5b1 w - - ,57,b5a5 a1b2 a5h5 b2a3 d3c4 a3b2 h5g5 g1a7 g5g7 a7e3 g7g2 b2c1 c4d3 e3f4 g2c2 c1b1 d3c3 f4g3 c3b3 g3b8 c2c5 b8a7 c5a5 a7b6 a5b5 b6e3 b5e5 e3d2 e5f5 d2e1 f5f1 b1c1 f1e1 c1d2 e1e4 d2d3 e4c4 d3e2 c4c3 e2d2 b3b2 d2e2 b2c1 e2f1 c3c2 f1e1 c2a2 e1f1 c1d1 f1g1 d1e1 g1h1 e1f2 h1h2 a2a3 h2h1 a3h3 
KRBKBN,B10v10,5644742400,2308627150,11412565832,5384043120,587528,1426572127,673006344,73441,680646388,K6n/8/3B4/8/8/5R2/3k4/2b5 w - - ,155,f3f8 c1b2 f8f2 d2c1 a8b7 h8g6 b7c6 g6e5 c6d5 e5d3 f2g2 b2f6 d5c4 d3e5 c4b5 c1d1 d6b4 f6h4 g2d2 d1c1 d2d5 e5f3 d5d3 f3e5 d3e3 h4f6 e3e2 c1d1 e2d2 d1c1 d2g2 f6h4 b4d6 h4f6 d6c7 c1d1 c7a5 f6h4 g2d2 d1c1 d2d5 e5f3 d5d3 f3e5 d3e3 h4f6 e3e2 c1d1 e2d2 d1c1 d2f2 f6h4 f2f4 h4g3 f4d4 c1c2 d4d2 c2b3 d2d5 g3h2 a5e1 h2f4 d5c5 b3a2 c5c2 a2b1 c2c3 b1b2 b5a4 f4h6 c3c7 e5d3 e1c3 b2b1 c3f6 h6c1 a4b3 c1d2 f6e7 d3c1 b3a4 c1e2 e7f8 e2c1 f8a3 c1e2 a4b3 d2c1 a3b4 c1h6 c7h7 e2c1 b3c4 h6f4 h7f7 c1e2 f7e7 e2c1 e7e4 f4h6 e4h4 h6g5 h4h2 c1a2 b4d6 g5f6 d6f4 f6g7 f4g5 g7e5 h2g2 e5h8 c4b3 a2c1 b3b4 c1a2 b4a3 a2c1 g2g1 b1c2 g1c1 c2d3 a3b4 h8b2 c1c4 b2a3 b4b5 a3b2 c4a4 b2d4 b5c6 d4b2 g5h6 b2c3 c6d5 c3e1 a4a3 d3c2 d5c4 e1h4 h6e3 c2b1 a3d3 b1c2 d3d2 c2c1 d2a2 c1b1 a2g2 h4e1 c4b3 e1d2 e3d2 b1a1 g2g1 
KRBKBN,B10v01,5644742400,2308627150,16047335280,1079159536,1273200,2005916910,134894942,159150,723473098,7B/8/8/3b4/8/6R1/3nk3/7K w - - ,223,h1g1 d2f3 g1g2 f3g5 g2h2 g5f3 h2h3 d5e6 h3g2 e6d5 h8b2 f3g5 g2h2 g5f3 h2h3 d5e6 h3g2 f3e1 g2h2 e1f3 h2h1 e6d5 b2a3 f3d2 h1g1 d2f3 g1g2 f3g5 g2h2 g5f3 h2h3 d5e6 h3g2 f3e1 g2h2 e1f3 h2h1 f3d4 g3g5 d4f3 g5g2 e2e3 a3c1 e3e4 g2e2 e4f5 h1g2 f3e5 c1h6 e5d3 g2g3 e6b3 h6g7 b3a4 e2a2 a4c6 a2a5 f5e4 g3g4 d3f2 g4g5 f2d3 g5f6 c6d7 f6e7 d7h3 g7c3 h3f1 a5a4 e4d5 e7f6 d3c5 a4d4 d5c6 c3e1 c5d3 e1d2 d3b2 d2b4 b2c4 b4e7 c4b6 d4d6 c6c7 d6d1 f1e2 d1d4 b6c4 f6e6 c7c6 d4f4 c4b2 f4e4 e2f3 e4d4 f3e2 d4d6 c6b5 e6d5 b2c4 d6f6 c4b6 d5d4 b6d7 f6d6 d7b8 e7h4 e2f3 h4f2 f3c6 d4c3 b8d7 d6d2 b5a5 d2b2 a5a6 c3d4 c6b7 d4d3 d7e5 d3c3 e5d7 f2d4 b7h1 c3c2 h1g2 c2d2 g2h1 d2e3 h1d5 e3f4 a6a5 d4f2 a5a4 f2e1 d5b3 f4e4 d7c5 e4d4 c5e6 d4c3 e6c5 b2b1 b3e6 b1b8 c5d7 b8e8 e6h3 e8h8 h3f1 h8h7 d7b8 h7a7 b8a6 a7f7 f1b5 e1h4 b5e8 f7e7 e8c6 e7e2 a6c7 e2a2 a4b5 h4d8 c7d5 c3d4 c6b7 a2a5 b5b4 a5a7 b7c6 a7a1 d5f4 a1b1 b4a3 d8f6 c6e8 f6e5 f4e2 d4e3 e8g6 b1b7 g6h5 b7h7 h5g6 h7g7 g6f5 e5d6 a3b3 g7g5 f5d7 e3e2 b3c4 e2e3 d7b5 d6e7 b5a4 g5g4 c4b5 g4b4 b5a5 e3d4 a4d1 d4c5 d1h5 e7d8 a5a6 b4h4 h5d1 h4h7 d1c2 h7e7 c2a4 d8b6 a4d7 e7f7 a6b7 f7d7 b7c8 c5c6 c8b8 d7d8 
KRBKQB,B10v10,5644742400,2325058172,3876400080,3543297584,9377498816,484550128,442913156,1172188628,680646388,8/8/5B2/6q1/3K4/8/5R2/k5b1 w - - ,63,d4d3 a1b1 f2b2 b1a1 b2b6 g5f6 b6f6 a1b2 f6f5 b2a3 d3c4 a3b2 f5g5 g1a7 g5g7 a7e3 g7g2 b2c1 c4d3 e3f4 g2c2 c1b1 d3c3 f4g3 c3b3 g3b8 c2c5 b8a7 c5a5 a7b6 a5b5 b6e3 b5e5 e3d2 e5f5 d2e1 f5f1 b1c1 f1e1 c1d2 e1e4 d2d3 e4c4 d3e2 c4c3 e2d2 b3b2 d2e2 b2c1 e2f1 c3c2 f1e1 c2a2 e1f1 c1d1 f1g1 d1e1 g1h1 e1f2 h1h2 a2a3 h2h1 a3h3 
KRBKQB,B10v01,5644742400,2325058172,4569542664,2491388064,10066837288,571192833,311423508,1258354661,723473098,8/8/8/8/2R5/B7/5k2/3K1bq1 w - - ,63,a3c5 f2g3 c4c3 g3g2 c5g1 g2g1 d1e1 g1g2 c3c2 g2g1 c2c6 f1b5 c6g6 g1h2 e1f2 h2h3 f2f3 h3h4 f3f4 h4h3 g6g3 h3h2 f4f3 b5d3 f3f2 d3b1 g3g1 b1a2 g1a1 a2d5 a1a3 d5f7 a3a7 f7g6 a7a6 g6h5 a6h6 h2h3 h6h5 h3g4 h5e5 g4f4 e5e3 f4g5 e3f3 g5g4 f2g2 g4g5 g2g3 g5h6 g3f4 h6g6 f4g4 g6h7 g4f5 h7h6 f3g3 h6h7 f5f6 h7h8 f6f7 h8h7 g3h3 
KQKQBB,B00v20,2767810950,1339062553,1892662048,2687955004,3440846612,236584256,335996204,430107594,359275262,1b6/8/3b4/8/8/1Q6/8/q4k1K w - - ,55,b3f3 f1e1 f3e3 e1d1 e3g1 d1e2 g1a1 d6e5 a1b1 e2f2 b1g1 f2f3 g1f1 f3g3 f1e2 g3f4 h1g2 e5d6 e2d3 d6e5 d3f3 f4g5 f3f1 e5f4 f1c4 f4e5 g2f3 g5f6 c4c8 b8a7 f3e4 a7d4 c8f5 f6e7 e4d5 e5f6 f5e6 e7f8 e6d7 d4c5 d5c5 f6e7 c5d4 e7a3 d4e4 a3e7 e4f4 e7a3 f4f5 a3b4 f5f6 b4c3 f6g6 c3a1 d7f7 
KQKQBB,B00v11,2767810950,1339062553,1672764008,2312697408,4298950872,209095501,289087176,537368859,370296098,8/8/5q2/8/8/4b3/3kb3/1K4Q1 w - - ,167,g1c1 d2d3 c1c2 d3d4 c2b2 d4d5 b2f6 e2d3 b1a2 d3c4 a2a3 e3c5 a3a4 d5e4 f6c3 e4d5 a4a5 c5d4 c3f3 d5e5 f3g3 e5e4 g3h4 e4e3 h4e7 e3d3 a5b4 c4d5 e7e1 d5f3 e1h4 d3e3 b4c4 f3e2 c4d5 e2f3 d5e6 f3e4 h4g3 e3d2 g3f4 d2d3 e6d6 d4c3 f4g3 d3d2 g3g1 e4d3 d6c5 d2c2 g1e3 c3b2 c5b4 b2c3 b4a3 c3b2 a3a4 b2c3 e3c5 d3e4 c5c4 e4f3 c4f1 f3d1 f1g2 c2d3 a4b5 d1e2 b5c5 e2d1 g2g3 d3d2 c5d5 d1b3 d5e4 b3c2 e4f4 c3d4 g3a3 c2d3 a3b4 d4c3 b4b3 c3d4 f4f3 d4c3 b3a4 d3b1 f3f2 b1c2 a4c4 c2d3 c4a2 d3c2 f2f3 d2d3 a2a6 d3d4 f3e2 c3b4 a6a7 b4c5 a7a1 d4c4 a1a2 c2b3 a2b1 c5b6 b1b2 b6c5 b2e5 b3c2 e2d2 c2a4 e5c3 c4b5 d2d3 b5c6 c3f6 c5d6 d3d4 a4b5 f6f5 b5a6 f5c2 c6b5 d4d5 d6b4 c2c6 b5a5 d5d4 a6f1 c6c7 a5a6 d4d5 f1d3 c7e5 d3b5 e5a1 a6b6 a1d4 b6a5 d4a7 b5a6 d5c6 b4f8 a7b6 a5a4 b6a6 a4b4 a6d3 f8h6 d3d4 b4b3 c6b5 h6c1 d4d3 b3b2 b5b4 c1e3 d3e2 e3d2 e2d2 b2a1 b4a3 a1b1 d2d1 
KQKRBB,B00v20,2767810950,872828333,2955854728,4445816356,619792580,369483531,555729699,77474824,359275262,Q7/6b1/8/8/8/br6/8/4K1k1 w - - ,143,a8a7 g1h2 a7f2 h2h1 f2h4 h1g1 h4g4 g1h2 g4h5 b3h3 h5e2 h2g3 e2d3 g3g2 d3e4 g2g3 e4g6 g3h2 g6c2 h2g3 c2c7 g3g2 c7g7 h3g3 g7b7 g2h2 b7h7 h2g1 h7h4 g1g2 h4e4 g2h2 e4c2 h2h1 c2c6 h1g1 c6b6 g1g2 e1e2 g2h2 b6c7 h2g2 c7b7 g2h2 b7h7 h2g2 h7e4 g2g1 e4d4 g1g2 d4f6 g3b3 f6c6 g2g1 c6g6 g1h2 g6e4 h2g1 e2e1 b3g3 e4d4 g1g2 e1e2 g2h3 e2f2 g3g2 f2f1 g2g3 d4e5 h3g4 f1f2 g3f3 f2g2 f3f4 e5e6 f4f5 e6e4 g4g5 e4e3 f5f4 e3a3 g5f5 a3e3 f4e4 e3c5 e4e5 c5c4 e5e3 g2f2 e3e4 c4f7 f5e5 f2f3 e4d4 f7e7 e5d5 f3e3 d4c4 e7d7 d5c5 e3d3 c4b4 d7c7 c5b5 d3c3 b5a6 c7c8 b4b7 c3c4 a6a7 c8c5 a7a6 c5c6 a6a7 c4c5 a7b8 c6f3 b8c7 f3g2 b7a7 g2g7 c7b8 g7e5 b8b7 c5b5 a7a2 e5d5 b7c7 d5a2 c7d6 a2e2 d6d5 e2e3 d5d6 e3e4 d6d7 e4e5 d7c8 e5e7 c8b8 b5b6 b8c8 e7c7 
KQKRBB,B00v11,2767810950,872828333,2749515824,4423166176,1111730288,343689478,552895772,138966286,370296098,1Q6/5b2/8/8/7K/8/8/b1k3r1 w - - ,177,b8f4 c1d1 f4f3 d1e1 f3e3 e1f1 e3c1 f1f2 c1c5 f2f1 c5b5 f1e1 b5b1 e1f2 b1b6 f2g2 b6b7 g2f1 b7a6 f1f2 a6a7 f2f3 a7g1 a1f6 h4h3 f7e6 h3h2 f6e5 h2h1 f3f4 g1c1 f4f5 c1c6 e6f7 h1g2 f7g6 c6b6 g6f7 g2f2 f7g6 f2e3 g6f7 b6b4 f5e6 b4c4 e6f6 c4h4 f6e6 e3f3 f7g6 h4g5 g6f5 f3e3 e5f6 g5g8 e6e7 e3f4 f5e6 g8b8 e7f7 b8d6 f6g7 f4g5 g7f6 g5h6 f6g7 h6h5 g7f6 d6f4 e6d5 f4f5 d5c6 f5c8 c6e8 c8b7 f7e6 h5g4 e8g6 g4f4 g6e8 b7a6 e6e7 f4e4 e8g6 e4d5 g6f7 d5c5 f6e5 a6h6 f7e6 h6g5 e5f6 g5f4 e6g8 f4c7 e7f8 c7d7 g8f7 d7g4 f8e7 g4e4 e7f8 e4h7 f8e7 c5c6 e7e6 h7h3 e6e5 c6d7 f6g5 h3h2 g5f4 h2h8 e5f5 h8h7 f7g6 h7e7 f4g3 e7g7 g3f4 g7d4 g6f7 d7e7 f7h5 d4c5 f5g6 c5d5 f4g5 e7e6 h5g4 e6e5 g5h6 d5g2 g6g5 g2g3 g5h5 e5f6 h6g5 f6g7 g4f5 g3f3 f5g4 f3h1 g5h4 h1e4 h4g3 e4e3 h5h4 e3h6 g4h5 g7f6 h4g4 h6g5 g4f3 g5h5 f3f4 h5c5 g3h4 f6g6 h4e1 c5c1 f4e5 c1e1 e5d4 e1b4 d4d3 g6f5 d3e3 b4c3 e3f2 f5f4 f2g2 c3e1 g2h2 f4f3 h2h3 e1h1 
KQBKQB,B10v10,5354274780,861757330,5863304064,7402523764,719852332,732913541,925316070,89981669,888863222,q7/b5B1/8/8/Q7/4k3/8/4K3 w - - ,115,g7h6 e3d3 a4b3 d3e4 b3e6 e4d4 e6e3 d4c4 e3e2 c4b3 e2d3 b3a2 d3c2 a2a3 h6c1 a3b4 c1d2 b4b5 c2b3 b5c5 b3c3 c5b6 c3d4 b6a6 d4a4 a6b6 d2e3 b6c7 e3f4 c7d8 a4a5 d8e8 a5e5 e8f7 e5f5 f7e7 f4g5 e7d6 f5f4 d6d7 f4f7 d7d6 g5e7 d6e5 e7f6 e5f4 f6d8 f4g3 f7g6 g3f4 d8g5 f4e5 g6f6 e5e4 f6e6 e4d3 e6e2 d3d4 g5f6 d4c5 e2e3 c5c4 e3c3 c4b5 c3b3 b5c5 f6e7 c5d4 b3b2 d4e3 b2f2 e3d3 f2d2 d3c4 d2c2 c4b5 c2b3 b5a5 e7b4 a5b6 b4d6 b6a5 d6c7 a5a6 b3d3 a6b7 d3f3 b7c7 f3a8 a7c5 a8e4 c7d6 e1d2 c5b6 d2c3 b6g1 e4g6 d6e5 g6g1 e5f6 g1a1 f6e5 a1f1 e5e6 c3d4 e6d7 f1f6 d7e8 f6g7 e8d8 d4c5 d8e8 c5c6 e8d8 g7d7 
KQBKQB,B10v01,5354274780,861757330,5949142960,7510352496,820718096,743642870,938794062,102589762,932173584,q7/3b4/8/1Q6/7K/B7/8/4k3 w - - ,79,a3b4 e1f2 b4c5 f2e1 b5b1 e1d2 b1b2 d2d3 b2b3 d3d2 c5b4 d2c1 b3c3 c1b1 c3d3 b1b2 b4c3 b2b3 c3d2 b3b2 d3c3 b2a2 c3c4 a2b2 d2c3 b2c1 c3d4 c1d2 c4c3 d2d1 c3b3 d1d2 d4c3 d2e3 c3a5 e3e4 b3c4 e4e3 c4c1 e3d4 c1b2 d4e3 b2d2 e3f3 d2d3 f3f2 d3g3 f2e2 g3e1 e2d3 e1d2 d3c4 d2c3 c4b5 c3b4 b5c6 b4e4 c6b5 e4a8 d7c6 a8a7 c6f3 a7b6 b5c4 h4g5 f3d1 b6c6 c4d4 c6d6 d4c4 d6d1 c4c5 d1b3 c5d6 g5f6 d6c5 f6e5 c5c6 b3d5 
KKRBBN,B00v20,3092692680,669183331,0,92470088,11805285832,0,11559034,1475671166,34594560,,,
KKRBBN,B00v11,3092692680,669183331,0,96865872,12184611888,0,12108234,1523076486,35683200,,,
KKQBBN,B00v20,3092692680,608342363,0,184911908,11712844012,0,23114163,1464116037,34594560,,,
KKQBBN,B00v11,3092692680,608342363,0,194760096,12086717664,0,24345012,1510839708,35683200,,,
KRBKRB,B10v10,5644742400,755484469,4092814956,12373788888,330592636,511602328,1546725492,41324092,680646388,2R5/8/8/B7/7b/3r4/8/k1K5 w - - ,129,a5c3 a1a2 c1c2 d3d8 c8c4 h4e7 c4e4 d8g8 e4e7 g8g2 c3d2 g2g3 d2e3 g3g2 c2c3 g2g8 e7a7 a2b1 a7b7 b1a1 e3f4 g8c8 c3b3 c8c6 b7b8 a1b1 b8b5 c6a6 f4d2 a6a7 b5h5 a7b7 d2b4 b7c7 b4c5 c7b7 b3c3 b7c7 h5h1 b1a2 h1h2 a2b1 h2b2 b1a1 b2b5 c7g7 c5d6 g7g6 b5d5 g6f6 d6c5 f6h6 d5d1 a1a2 c5d4 h6h7 d1d2 a2b1 d2b2 b1a1 b2b8 h7c7 c3b3 a1b1 d4e3 c7d7 b3c3 b1a2 b8a8 a2b1 e3d4 d7h7 a8b8 b1a2 d4e5 h7h3 c3c4 h3b3 b8f8 b3a3 f8f1 a3a4 c4c3 a4g4 f1f2 a2a3 e5d4 g4g3 c3c4 a3a4 f2f7 g3g5 f7b7 g5h5 b7b2 h5h3 d4f2 h3f3 f2c5 f3f4 c5d4 f4f3 b2b4 a4a3 b4b6 a3a2 b6b2 a2a3 b2e2 f3f4 e2e1 f4d4 c4d4 a3b3 e1c1 b3b2 c1c3 b2b1 d4d3 b1b2 d3d2 b2b1 c3c2 b1a1 d2c3 a1b1 c3b3 b1a1 c2c1 
KRBKRB,B10v01,5644742400,755484469,4847745352,11781776800,498245864,605968169,1472722100,62280733,723473098,8/4R3/8/8/5B2/3b4/2K4r/k7 w - - ,129,c2d3 h2h5 f4d6 h5f5 d6e5 a1a2 e5c3 f5g5 d3c2 g5g2 c3d2 g2g3 d2e3 g3g2 c2c3 g2g8 e7a7 a2b1 a7b7 b1a1 e3f4 g8c8 c3b3 c8c6 b7b8 a1b1 b8b5 c6a6 f4d2 a6a7 b5h5 a7b7 d2b4 b7c7 b4c5 c7b7 b3c3 b7c7 h5h1 b1a2 h1h2 a2b1 h2b2 b1a1 b2b5 c7g7 c5d6 g7g6 b5d5 g6f6 d6c5 f6h6 d5d1 a1a2 c5d4 h6h7 d1d2 a2b1 d2b2 b1a1 b2b8 h7c7 c3b3 a1b1 d4e3 c7d7 b3c3 b1a2 b8a8 a2b1 e3d4 d7h7 a8b8 b1a2 d4e5 h7h3 c3c4 h3b3 b8f8 b3a3 f8f1 a3a4 c4c3 a4g4 f1f2 a2a3 e5d4 g4g3 c3c4 a3a4 f2f7 g3g5 f7b7 g5h5 b7b2 h5h3 d4f2 h3f3 f2c5 f3f4 c5d4 f4f3 b2b4 a4a3 b4b6 a3a2 b6b2 a2a3 b2e2 f3f4 e2e1 f4d4 c4d4 a3b3 e1c1 b3b2 c1c3 b2b1 d4d3 b1b2 d3d2 b2b1 c3c2 b1a1 d2c3 a1b1 c3b3 b1a1 c2c1 
KBBBPK,B30v00,2655914000,442437377,958978864,29830004,0,479489432,14915002,0,145747803,7B/B5K1/8/B7/8/8/P7/k7 w - - ,47,a2a3 a1a2 a7c5 a2b3 g7f6 b3c4 f6e6 c4c5 e6d7 c5b5 h8d4 b5a6 d7c6 a6a5 d4g1 a5a4 g1c5 a4a5 c6b7 a5b5 c5b4 b5a4 b7a6 a4b3 a6b5 b3b2 a3a4 b2c1 a4a5 c1d1 a5a6 d1e2 a6a7 e2f3 a7a8q f3e3 b4e1 e3f4 a8d5 f4e3 b5c4 e3f4 c4d3 f4g4 d5e5 g4f3 e5g3 
KBBBPK,B21v00,2655914000,442437377,2826449102,7914,0,1413224551,3957,0,602533255,8/2B3B1/8/8/4B3/4k3/4P3/4K3 w - - ,33,c7h2 e3e4 e1d2 e4f5 g7h6 f5e4 d2c3 e4f5 h2f4 f5e4 c3c4 e4f5 c4d5 f5g6 e2e4 g6h7 e4e5 h7g6 e5e6 g6f6 d5d6 f6f5 e6e7 f5e4 e7e8q e4d3 e8b5 d3c2 f4e5 c2d1 b5d3 d1e1 e5g3 
KBKRBN,B10v10,5882853420,2573114499,18800,2558375000,18313166328,2350,319797577,2289147441,288422272,8/8/8/8/8/8/n1K5/k1Brb3 w - - ,1,c1b2 
KBKRBN,B10v01,5882853420,2573114499,706632,3357302136,17942119520,88329,419662767,2242764940,322967744,8/8/8/8/8/8/b3r3/knK3B1 w - - ,5,g1d4 b1c3 d4c3 e2b2 c3b2 
KBKQBN,B10v10,5882853420,2001265961,13288,2428511788,18443035052,1661,303564299,2305381408,288422272,8/8/8/8/8/8/n1K5/k1B1bq2 w - - ,1,c1b2 
KBKQBN,B10v01,5882853420,2001265961,502856,3216385992,18083239440,62857,402048249,2260404930,322967744,8/8/8/8/8/8/b3q3/knK3B1 w - - ,5,g1d4 b1c3 d4c3 e2b2 c3b2 
KKQRBB,B00v20,3092692680,485868047,0,268888724,11628867196,0,33611571,1453618629,34594560,,,
KKQRBB,B00v11,3092692680,485868047,0,278233904,12003243856,0,34779238,1500405482,35683200,,,
KBKQRB,B10v10,5882853420,1931623509,0,34802548,20836757580,0,4350425,2604596943,288422272,,,
KBKQRB,B10v01,5882853420,1931623509,346920,38449256,21261332112,43365,4806157,2657666514,322967744,8/8/8/8/8/5q2/b3r3/k1K3B1 w - - ,5,g1d4 f3c3 d4c3 e2b2 c3b2 
KPKBBB,B00v30,2939087360,841158064,86573624,1312906460,30242,43286812,656453230,15121,0,1K6/P7/2k5/b7/1b6/8/8/b7 w - - ,113,a7a8q c6c5 a8a7 c5d6 a7a6 d6c5 a6c8 c5d5 c8g8 d5c5 g8f8 c5d5 f8f7 d5d6 f7g6 d6c5 g6h5 c5c4 h5f7 c4c5 b8c8 a1b2 f7f2 b2d4 f2c2 c5d6 c2g6 d6c5 c8d7 b4d2 g6c2 d4c3 c2a2 c3b4 a2b3 c5d4 d7c6 d2c1 b3a2 c1d2 a2d5 d4c3 c6b5 c3b2 b5a4 b2c3 d5e4 d2c1 e4c6 c3b2 c6b7 b2c3 b7g7 c3c4 g7g8 c4c3 g8h8 c3d3 h8f6 c1d2 a4b3 d2c3 f6f4 c3e1 f4c4 d3e3 c4d5 e1d2 b3c4 e3f4 d5h5 f4e4 h5e8 e4f5 c4d5 b4c3 e8f7 c3f6 f7h7 f5g5 h7e4 d2f4 d5e6 a5c7 e4f5 g5h4 e6d5 f4g5 f5d7 g5e3 d7c7 f6d4 c7f7 h4g4 d5e4 g4g5 f7f5 g5h6 e4d5 e3g5 d5d4 g5c1 d4e5 h6g7 f5f6 g7g8 f6g6 g8h8 e5f6 c1b2 f6f7 b2a1 g6h5 
KPKBBB,B00v21,2939087360,841158064,116361454,716673788,3645629152,58180727,358336894,1822814576,0,8/4P3/8/4b1b1/8/7b/5K2/3k4 w - - ,195,e7e8q g5h4 f2e3 e5g3 e8a4 d1c1 e3e2 h3f5 a4a1 c1c2 a1a2 c2c1 a2a4 f5c2 a4a1 c2b1 a1a3 c1c2 a3c5 c2b3 c5b5 b3c2 b5c4 c2b2 c4b4 b2c2 b4d2 c2b3 e2d1 g3e1 d2d5 b3c3 d5c6 c3b3 c6b7 e1b4 d1c1 b1d3 b7d5 b3c3 d5e5 c3b3 e5e3 b3c3 e3d2 c3c4 d2f4 c4d5 f4b4 h4g5 c1b2 g5f6 b2b3 f6d4 b4d2 d3f5 d2f4 f5d3 b3b4 d3e4 f4g5 d4e5 g5g8 d5d6 g8c4 e4f5 c4b5 d6e6 b5c6 e6f7 c6h6 e5f6 b4c5 f7e6 h6h1 f6e7 c5c6 e7f8 h1e1 e6f7 c6d5 f8g7 e1e2 f7f6 e2e8 f6g5 e8g8 g5g6 d5c6 g6f6 c6d6 f5g4 g8d8 f6g6 d8e8 g6g5 e8e3 g5g6 e3g1 g6f5 g1g3 g7f6 d6d5 g4h5 g3f2 f5g5 f2e3 g5f5 e3e6 f5g5 d5e4 h5g6 e4e3 f6g7 e6d6 g6f5 e3f3 f5g4 f3g3 g4f5 d6d2 g5g6 d2d5 g6g5 d5g8 g5f6 g3h4 f5e6 g8b8 f6e7 b8b4 e7f7 b4b7 f7g6 b7b1 g6f7 b1h7 f7f6 h7e4 g7f8 e4f3 f6g7 h4h5 e6f7 h5g5 f8e7 g5f4 e7f6 f3b7 g7g8 f4f5 f6h8 b7h1 g8g7 h1a8 f7g6 f5g5 g6f7 a8d8 f7a2 d8d4 g7g8 d4g4 a2f7 g5h6 g8f8 g4b4 f8e8 b4b8 e8d7 b8h8 f7d5 h8f6 d5c6 h6g5 d7c7 g5f5 c7b6 f5e6 b6b5 e6d6 c6e8 d6d5 e8h5 f6b2 b5a6 b2b4 h5f3 d5d6 f3e2 d6c6 e2f3 c6c7 f3d1 b4b6 
KBBBKP,B30v00,2730818160,487764608,82522,1013108916,7081122,41261,506554458,3540561,247606678,7k/7p/7B/6B1/2K4B/8/8/8 w - - ,13,c4d5 h8g8 d5e6 g8h8 h4e1 h8g8 e1d2 g8h8 d2c3 h8g8 e6f6 g8h8 f6f7 
KBBBKP,B21v00,2730818160,487764608,2900975848,17859084,100916,1450487924,8929542,50458,513607278,8/8/2B5/8/8/8/1Bkp4/B3K3 w - - ,147,e1f2 d2d1n f2e1 d1b2 c6e4 c2b3 e4b1 b3c3 e1e2 c3b3 e2d2 b2c4 d2c1 c4d6 a1b2 d6c4 b2d4 c4a5 d4g7 a5c4 b1e4 c4a5 e4f3 b3c4 c1c2 c4c5 c2d3 a5c6 g7f8 c5b6 f8d6 b6b5 d3e4 b5a6 d6h2 a6b6 e4d5 c6a5 h2g3 a5b7 f3e4 b7a5 g3f2 b6c7 d5e6 a5b7 e6e7 b7a5 f2g3 c7b6 e7d7 b6c5 g3f2 c5c4 e4g6 a5b3 g6f7 c4c3 f2e1 c3c2 d7d6 b3d2 f7g6 c2d1 e1f2 d1e2 f2c5 e2f3 d6e5 d2c4 e5d4 c4e3 g6e4 f3e2 c5b6 e2d2 e4g6 e3c2 d4d5 c2e3 d5e4 e3d1 e4d4 d1e3 b6a5 d2e2 d4e4 e3c2 g6h5 e2f2 e4f4 f2f1 a5b6 f1e1 f4e4 e1d2 b6a5 d2c1 a5c3 c2a3 e4d3 a3b1 c3g7 b1a3 h5e8 a3b1 e8a4 b1a3 d3c3 a3b1 c3b3 c1d1 b3a2 d1e2 a2b1 e2d3 a4b3 d3e4 b1c2 e4f5 c2d3 f5g6 g7e5 g6f5 e5d6 f5g6 d3e4 g6g5 d6e7 g5g4 b3d1 g4g3 e4e3 g3g2 d1e2 g2g1 e3f3 g1h2 e2f1 h2g1 f3e2 g1h2 e2f2 h2h1 f1g2 h1h2 e7d6 
KBBNPK,B20v00,7961623740,1571441820,6209812422,75146,0,3104906211,37573,0,828150270,4k2K/4B3/2N1P3/8/8/B7/8/8 w - - ,63,c6b4 e8e7 a3b2 e7d6 h8g7 d6e6 g7g6 e6d6 b4d3 d6e7 g6f5 e7d6 d3f4 d6c5 f5e5 c5c6 f4e6 c6b5 e5d6 b5b6 e6c7 b6b7 b2d4 b7c8 d6c6 c8b8 d4g1 b8c8 g1a7 c8d8 c7d5 d8e8 a7d4 e8d8 d4e5 d8c8 d5b6 c8d8 e5f6 d8e8 c6d6 e8f7 b6d5 f7f8 d6e6 f8e8 d5e3 e8f8 e3f5 f8e8 f6h4 e8f8 h4e7 f8g8 e6f6 g8h7 f6f7 h7h8 f7g6 h8g8 f5h6 g8h8 e7f6 
KBBNPK,B11v00,7961623740,1571441820,6067251036,770,0,3033625518,385,0,994903783,B7/1N6/8/8/k1K5/B7/P7/8 w - - ,45,b7a5 a4a3 a5b3 a3a2 a8e4 a2a3 c4c3 a3a2 e4c2 a2a3 c2b1 a3a4 b3d4 a4a5 b1e4 a5a4 e4d5 a4a3 d4c2 a3a4 d5c6 a4a5 c3c4 a5b6 c2d4 b6c7 c4c5 c7d8 c5d6 d8c8 d4b3 c8d8 b3c5 d8c8 c6d7 c8b8 d6c6 b8a7 c6c7 a7a8 c7b6 a8b8 c5a6 b8a8 d7c6 
KQBBPK,B20v00,7765293120,703559635,4499263230,470,0,2249631615,235,0,1586471455,8/6Q1/8/8/7B/6P1/7B/1K5k w - - ,13,g3g4 h1h2 g4g5 h2g2 g7c3 g2g1 c3b2 g1h1 g5g6 h1g1 h4g3 g1f1 b2f2 
KQBBPK,B11v00,7765293120,703559635,4388632816,0,0,2194316408,0,0,1734873407,8/2K5/8/8/8/8/k1PB4/2QB4 w - - ,19,c1a1 a2a1 c2c4 a1b1 c4c5 b1a1 c5c6 a1b1 c7b6 b1a1 c6c7 a1b1 c7c8q b1a1 d1c2 a1b2 c8c4 b2a1 d2c3 
KRBBPK,B20v00,8180453520,958342717,5446747274,18580,0,2723373637,9290,0,1318003524,8/8/8/B7/RB6/Pk3K2/8/8 w - - ,41,b4c5 b3a4 f3e4 a4b5 e4d5 b5a5 d5c6 a5a6 c6c7 a6b5 c5b4 b5a6 c7b8 a6b6 a3a4 b6c6 a4a5 c6b5 b4e1 b5a6 b8a8 a6b5 a8b7 b5a4 a5a6 a4a3 a6a7 a3b2 a7a8q b2c2 a8a2 c2d3 a2g2 d3d4 g2e2 d4d5 e1c3 d5d6 e2e8 d6c5 e8c6 
KRBBPK,B11v00,8180453520,958342717,5320832866,292,0,2660416433,146,0,1478650490,8/6K1/8/8/8/BP6/BR6/k7 w - - ,25,a3c5 a1b2 b3b4 b2a2 b4b5 a2b2 b5b6 b2c3 b6b7 c3c4 c5g1 c4b3 b7b8q b3c4 b8g3 c4d5 g3c3 d5e6 c3d3 e6e7 g1h2 e7e8 g7f6 e8f8 d3d8 
KBBPKN,B20v00,8243187360,2870261878,5669429322,1070940052,16400,2834714661,535470026,8200,702283706,8/1n6/3P3B/8/5K2/8/k7/4B3 w - - ,209,d6d7 b7c5 d7d8n c5d3 f4e3 d3e1 e3d2 e1f3 d2c3 f3e5 h6c1 e5g4 d8c6 a2b1 c1f4 b1a2 c6b4 a2a3 b4d3 g4f6 f4d6 a3a4 c3c4 a4a5 d6c7 a5a6 d3c5 a6a7 c4b5 f6d5 c7a5 d5e7 a5d8 e7d5 c5e4 a7a8 e4d6 a8b8 b5c5 d5f4 c5c6 f4d3 d8f6 b8a7 c6b5 d3e1 f6d4 a7b8 b5b6 e1d3 d4a1 d3f4 a1e5 f4g6 e5h2 g6e7 d6f5 b8a8 f5d4 e7f5 d4b5 f5d4 b5c7 a8b8 c7e6 b8a8 e6c5 d4c2 c5a4 c2e3 b6a6 e3d5 h2d6 d5c7 a6b6 c7d5 b6c6 d5e3 d6c5 e3f5 c6c7 f5h4 a4c3 h4g2 c7c6 g2e1 c3d5 a8b8 d5e7 e1f3 c5e3 f3e5 c6d5 e5d7 d5d6 d7f6 e3d4 f6h7 d6c6 h7g5 c6b6 b8a8 d4e5 g5f3 e5f4 f3e1 e7d5 e1g2 f4g5 g2e1 g5h4 e1d3 h4g3 d3b4 d5c7 a8b8 b6c5 b4c2 c7b5 b8b7 b5d6 b7a6 d6c4 a6b7 g3f4 c2e1 c4e5 e1g2 f4g5 b7c8 e5d3 c8b7 c5d4 b7a6 d3b4 a6a5 b4c2 a5a4 d4d3 a4b5 d3e2 b5a4 c2d4 a4b4 d4f3 b4b3 e2f1 b3c2 f3e5 c2c3 f1g2 c3d4 e5d7 d4c3 d7b6 c3b4 g5e3 b4b5 g2f3 b5c6 f3e4 c6d6 e3d4 d6c6 e4e5 c6c7 e5d5 c7b7 d5d6 b7a6 d6c6 a6a7 d4e5 a7a6 e5b8 a6a5 b6d5 a5a4 b8e5 a4b3 d5e3 b3b4 c6b6 b4a4 e5c3 a4b3 c3e1 b3a4 e1d2 a4b3 b6a5 b3a3 d2e1 a3b2 a5a4 b2a2 e3d1 a2a1 a4b3 a1b1 e1d2 b1a1 d2c1 a1b1 c1a3 b1a1 a3b2 a1b1 d1c3 
KBBPKN,B11v00,8243187360,2870261878,6555455022,29645534,13818,3277727511,14822767,6909,878153580,8/8/8/2K5/k7/3n1P1B/8/4B3 w - - ,181,c5d6 d3e1 f3f4 e1f3 f4f5 f3g5 h3g2 g5f7 d6c5 f7g5 g2c6 a4a5 f5f6 g5h7 f6f7 h7g5 f7f8n g5f7 c6d5 f7g5 d5g2 a5a6 c5c6 g5f7 f8d7 a6a5 c6c5 f7h6 d7e5 h6f5 g2f3 a5a4 f3d1 a4a3 e5c4 a3a2 d1g4 f5h4 c5b4 h4g2 b4c3 a2b1 c4d2 b1a1 c3b3 g2e3 g4e6 e3d1 b3c2 d1e3 c2c1 e3g2 e6c4 g2f4 c1c2 f4g2 c4g8 g2f4 g8f7 f4g2 d2e4 g2e1 c2c3 e1g2 e4g5 g2h4 f7e6 h4g6 g5h3 g6e5 h3g1 e5g6 g1e2 g6e5 e2c1 a1b1 c1b3 e5c6 e6f5 b1a2 b3c1 a2a3 c1d3 c6b8 d3b2 b8a6 b2c4 a3a2 c4e3 a2a3 f5d7 a6c5 e3c2 a3a2 d7c6 c5a6 c3c4 a6c7 c2b4 a2b2 b4d3 b2c2 d3f4 c2d2 c4d4 d2c1 d4c5 c7a6 c5b5 a6b8 c6e8 c1d2 f4g6 d2c3 b5b6 c3b4 g6e7 b4b3 b6b7 b3c3 b7b8 c3d4 e7c6 d4d5 b8b7 d5c4 e8g6 c4b3 b7b6 b3c4 g6e4 c4c3 b6b5 c3b3 c6a5 b3c3 b5c5 c3b2 c5b4 b2a2 a5b3 a2b2 e4d3 b2a2 b4c3 a2a3 d3b1 a3a4 b3d4 a4a5 b1e4 a5a4 e4d5 a4a3 d4c2 a3a4 d5c6 a4a5 c3c4 a5b6 c2d4 b6c7 c4c5 c7d8 c5d6 d8c8 d4b3 c8d8 b3c5 d8c8 c6d7 c8b8 d6c6 b8a7 c6c7 a7a8 c7b6 a8b8 c5a6 b8a8 d7c6 
KBBPKB,B20v10,8243187360,2197999039,2677570110,620222588,7540,1338785055,310111294,3770,325078922,8/8/1B6/8/5K2/6B1/3b1P2/7k w - - ,103,f4g4 d2e1 f2f4 e1g3 f4f5 g3e5 g4h3 e5f6 b6c5 f6d4 c5d6 d4c5 d6f4 c5e3 h3g4 e3d4 g4f3 d4f6 f4g3 f6g5 g3e5 g5e7 e5g7 e7a3 g7a1 a3e7 a1e5 e7d8 e5g7 d8a5 g7f8 a5c3 f8d6 c3f6 f3e4 h1g2 e4d5 f6g7 d6e5 g7h6 f5f6 g2h3 e5b2 h3g4 d5e5 g4h5 e5f5 h6g5 f6f7 g5e7 b2c1 e7b4 c1f4 b4e7 f5e6 e7f8 e6f6 h5g4 f4c1 g4h5 c1d2 h5g4 f6g6 f8a3 d2c3 a3c5 c3g7 c5a3 g6h7 a3b4 h7g8 g4f5 g7f8 b4d2 f8a3 d2h6 a3b2 f5g6 b2a1 g6f5 a1g7 h6c1 f7f8q f5e4 g7h6 c1b2 f8b4 b2d4 h6g7 e4f4 g7d4 f4e4 d4c5 e4d3 b4d4 d3c2 c5a3 c2b3 d4c5 b3a2 c5c3 a2b1 c3b2 
KBBPKB,B20v01,8243187360,2197999039,924258144,2518063914,263478,462129072,1259031957,131739,377204784,K7/BP1b4/5B2/k7/8/8/8/8 w - - ,69,a7b6 a5a6 b7b8n a6b6 b8d7 b6c6 d7e5 c6d5 e5f3 d5c4 f3g1 c4d5 a8b7 d5e6 f6b2 e6d5 b7b6 d5e4 b6c5 e4e3 b2d4 e3f4 c5d5 f4g3 d5e4 g3g2 g1e2 g2h2 e4f3 h2h1 e2g3 h1h2 d4f2 h2h3 f2g1 h3h4 g3e4 h4h5 g1d4 h5h4 d4e5 h4h3 e4f2 h3h4 e5f6 h4h5 f3f4 h5g6 f2e4 g6f7 f4f5 f7e8 f5e6 e8f8 e4g3 f8g8 e6e7 g8h7 e7f7 h7h6 f6e7 h6h7 g3f5 h7h8 f7g6 h8g8 f5h6 g8h8 e7f6 
KBBPKB,B11v10,8243187360,2197999039,6456305690,128682546,126138,3228152845,64341273,63069,878153580,7b/8/1B6/4K3/8/8/5P2/6kB w - - ,107,e5e4 h8f6 e4f5 f6h4 f2f4 g1h1 f5g4 h4g3 f4f5 g3e5 g4h3 e5f6 b6c5 f6d4 c5d6 d4c5 d6f4 c5e3 h3g4 e3d4 g4f3 d4f6 f4g3 f6g5 g3e5 g5e7 e5g7 e7a3 g7a1 a3e7 a1e5 e7d8 e5g7 d8a5 g7f8 a5c3 f8d6 c3f6 f3e4 h1g2 e4d5 f6g7 d6e5 g7h6 f5f6 g2h3 e5b2 h3g4 d5e5 g4h5 e5f5 h6g5 f6f7 g5e7 b2c1 e7b4 c1f4 b4e7 f5e6 e7f8 e6f6 h5g4 f4c1 g4h5 c1d2 h5g4 f6g6 f8a3 d2c3 a3c5 c3g7 c5a3 g6h7 a3b4 h7g8 g4f5 g7f8 b4d2 f8a3 d2h6 a3b2 f5g6 b2a1 g6f5 a1g7 h6c1 f7f8q f5e4 g7h6 c1b2 f8b4 b2d4 h6g7 e4f4 g7d4 f4e4 d4c5 e4d3 b4d4 d3c2 c5a3 c2b3 d4c5 b3a2 c5c3 a2b1 c3b2 
KBBPKQ,B20v00,8243187360,3263827568,2199193004,910411176,3630781594,1099596502,455205588,1815390797,702283706,1K6/7P/6q1/6B1/5B2/8/8/6k1 w - - ,195,f4e3 g1g2 h7h8q g6d6 b8b7 d6d5 b7b6 d5b3 b6c5 b3a3 c5d5 a3b3 d5d6 b3d3 d6c6 d3e4 c6c5 e4c2 c5b4 c2b1 b4a3 b1d3 a3b2 d3b5 b2c1 b5c4 c1d1 c4b3 d1e1 b3b4 e3d2 b4b1 d2c1 b1b4 g5d2 b4e4 d2e3 e4b4 e1d1 b4a4 d1d2 a4a5 d2d3 a5d5 d3c3 d5a5 c3c4 a5a4 c4d5 a4a2 d5d6 a2a6 d6e7 a6b7 e7f6 b7a6 f6g5 a6b5 g5h4 b5b4 e3f4 b4e7 h4h5 e7e2 h5g5 e2e7 g5f5 e7f7 f5e5 f7c7 e5d4 c7d7 d4c4 d7a4 c4d3 a4d7 d3e2 d7b5 e2d2 b5b4 d2d1 b4b3 d1e1 b3b4 c1d2 b4b1 e1e2 b1e4 f4e3 e4c4 e2d1 c4b3 d1c1 b3a3 c1c2 a3a2 c2d3 a2a6 d3d4 a6d6 d4c4 d6e6 c4c5 e6e7 c5d5 e7d7 d5e5 d7c7 e5f5 c7d7 f5g5 d7e7 g5h5 e7f7 h5h4 f7e7 e3g5 e7e4 g5f4 e4e7 h4h5 e7e2 h5g5 e2e7 g5f5 e7f7 f5e5 f7e7 e5d5 e7d7 f4d6 d7a4 d2f4 a4a2 d5c6 a2a4 c6b6 a4b3 b6c7 b3c4 c7d8 c4d5 d8e7 d5e4 e7f6 e4d4 d6e5 d4d5 h8h2 g2f1 h2h3 f1e2 h3e3 e2f1 e5c7 d5h5 e3e6 h5h8 f6g5 h8g7 g5h5 g7h7 h5g4 h7d3 f4e3 d3c2 c7g3 c2d1 g4h4 d1d3 g3f4 d3h7 f4h6 h7c2 e6a6 c2e2 a6f6 f1e1 e3d2 e2d2 h6d2 e1d2 f6c6 d2e3 c6c4 e3d2 h4g3 d2e3 c4d5 e3e2 d5d4 e2e1 g3f3 e1f1 d4a1 
KBBPKQ,B11v00,8243187360,3263827568,2725133400,1542554510,2317426464,1362566700,771277255,1158713232,878153580,3B2B1/7P/3q4/8/k7/8/8/7K w - - ,121,h7h8q d6c6 h1h2 c6d6 h2g2 d6c6 g2f2 c6c2 f2g3 c2d3 g3f4 d3d6 f4e3 d6g3 e3e4 g3g2 e4f5 g2c2 f5e6 c2c6 e6e7 c6c5 e7d7 c5b5 d7c7 b5a5 c7b7 a5b5 d8b6 b5d7 b7b8 d7d6 b6c7 d6f8 b8b7 f8f3 b7c8 f3g4 c8d8 g4g5 d8d7 g5b5 d7e7 b5c5 c7d6 c5g5 e7e6 g5g4 e6f6 g4f3 f6g5 f3g2 g5f5 g2f3 d6f4 f3d3 f5f6 d3d8 f6e5 d8b8 e5f5 b8b1 f5f6 b1b2 f4e5 b2f2 f6e6 f2b6 e6d5 b6a5 d5c4 a5b5 c4d4 b5b2 d4d3 b2b1 d3d2 b1b4 e5c3 b4f4 d2d3 f4f3 d3d4 f3g4 d4d5 g4d7 d5e5 d7e7 g8e6 e7c5 e5e4 c5c6 e6d5 c6g6 e4e5 g6g3 e5e6 g3e3 c3e5 a4b5 h8b8 e3b6 b8b6 b5b6 e5d6 b6a5 d5c6 a5b6 e6d7 b6a5 d7c7 a5a6 d6b4 a6a7 c6g2 a7a6 g2f1 a6a7 b4c5 a7a8 f1g2 
KBBPKR,B20v00,8243187360,2498007012,2954088762,3781983968,4313044,1477044381,1890991984,2156522,702283706,8/4BP1k/5K2/8/6r1/8/8/2B5 w - - ,149,f7f8n h7g8 f8e6 g4e4 e6d8 e4d4 d8f7 g8h7 f7g5 h7g8 e7c5 d4c4 c1e3 c4a4 g5f7 g8h7 c5d6 a4g4 e3g5 g4d4 g5f4 d4d1 f7d8 d1g1 f4g3 g1h1 d6f4 h7g8 d8e6 h1h7 f4g5 h7d7 f6g6 d7d5 g5d8 d5d3 g3e5 d3e3 g6f6 e3h3 e5f4 h3h7 f4e3 h7h4 d8b6 h4a4 e6c7 a4g4 b6c5 g8h7 e3g5 g4c4 c7e6 c4e4 e6g7 e4e1 c5d6 e1d1 g5f4 d1b1 g7e6 b1e1 e6d4 e1g1 d4f5 h7g8 d6b4 g1g2 b4c5 g2c2 f4e3 c2g2 c5e7 g8h8 f6f7 g2g8 e7f6 h8h7 f6g7 g8b8 g7f8 b8b5 f5g3 b5e5 e3c1 e5a5 f8e7 a5b5 c1g5 b5a5 g3h5 a5f5 e7f6 f5f4 h5g7 f4e4 f6d8 e4e1 g5f4 e1e2 g7h5 e2g2 d8e7 g2g6 e7d6 g6g1 d6f8 g1g6 f4d6 g6g5 h5f6 h7h8 f6e4 g5f5 f7g6 f5f1 f8h6 h8g8 d6f4 f1f4 h6f4 g8f8 f4g5 f8e8 e4c5 e8f8 c5d3 f8e8 d3e5 e8f8 g6f5 f8e8 f5e6 e8f8 e6d7 f8g8 g5h6 g8h8 h6f8 h8g8 d7e7 g8h8 e7f7 h8h7 e5f3 h7h8 f8g7 h8h7 f3g5 
KBBPKR,B11v00,8243187360,2498007012,5658414222,923003692,3696460,2829207111,461501846,1848230,878153580,2B5/4Br2/K1k5/8/8/8/6P1/8 w - - ,359,c8b7 c6c7 e7h4 c7d6 a6b6 d6e5 b7a8 f7f1 h4g3 e5d4 g3d6 f1f7 d6c5 d4e5 c5e3 f7d7 b6c6 d7f7 c6b5 e5f5 a8f3 f7c7 e3c5 c7c8 b5b6 f5f4 c5d6 f4e3 f3d5 c8h8 d6c5 e3f4 c5f2 h8c8 d5c6 c8f8 b6c7 f4g4 c6d7 g4f4 d7a4 f4e5 f2c5 f8f7 c7d8 e5f4 c5f2 f7h7 a4c6 h7h8 d8c7 h8h7 c7d6 h7h6 d6c5 h6f6 c6f3 f6a6 f2h4 a6a3 f3c6 a3d3 c5b6 d3d6 b6c7 d6h6 h4e1 h6e6 e1f2 e6h6 c6f3 h6h1 f2d4 h1f1 f3c6 f1c1 d4f2 c1c2 f2e1 c2a2 e1b4 a2a7 c7d6 a7a6 b4e1 a6b6 d6c7 b6b3 e1h4 b3e3 c7d7 e3c3 d7d6 f4g4 h4e1 c3d3 d6c5 d3d8 c6d5 g4f4 c5c6 d8a8 e1b4 a8a6 c6d7 a6g6 b4e1 g6a6 e1f2 a6a5 d5c6 a5a6 c6b7 a6f6 b7f3 f6a6 f2c5 a6g6 c5d6 f4e3 d6e5 e3f2 e5d4 f2g3 d7e7 g3f4 d4c3 g6a6 c3d2 f4g3 d2b4 a6g6 e7f7 g6a6 b4e7 g3f4 f3e2 a6c6 e7h4 f4f5 h4d8 f5f4 e2f3 c6c3 f3b7 c3c2 d8e7 f4f5 b7d5 c2d2 d5c6 d2d4 f7e8 f5g4 e7d8 d4c4 c6f3 g4f5 e8d7 c4d4 d7e7 d4c4 f3d5 c4c3 e7f7 c3c1 d8h4 c1a1 d5c6 a1a3 h4e7 a3d3 f7e8 d3d4 e7c5 d4d1 c5b4 d1d4 b4a5 d4c4 e8d7 c4d4 d7e7 d4c4 e7d6 c4d4 c6d5 d4d3 d6c6 d3d1 a5b4 d1c1 c6d6 c1b1 b4c3 b1d1 c3e5 d1d2 e5h2 d2d1 d6c6 d1c1 c6d7 c1d1 d7d6 d1d2 d6c5 d2c2 c5d4 c2d2 d4c4 d2d1 d5f3 d1d2 h2g3 d2d8 f3d5 d8d7 c4c5 d7g7 g3d6 g7a7 d5f3 a7a2 d6f8 f5f4 c5d5 a2a5 f8c5 f4g3 d5d4 a5a4 d4d3 a4a6 d3e4 a6a4 c5d4 a4b4 e4d3 b4b5 d3e3 b5b3 e3e2 b3b5 f3e4 b5a5 d4c3 a5a2 e2f1 a2f2 f1g1 f2e2 e4d5 e2c2 c3e5 g3h4 d5f3 h4g5 g2g3 c2a2 e5d4 a2c2 d4e3 g5f6 g3g4 c2a2 g1f1 f6e5 f1e1 a2b2 e3d2 b2a2 f3c6 a2a6 c6d7 a6a3 e1e2 a3h3 d7c6 h3b3 d2e3 b3b8 e2f3 b8f8 f3g3 f8f6 c6b7 f6f1 g4g5 f1b1 b7c8 b1b3 g3f3 b3d3 c8h3 d3a3 h3d7 e5d6 d7e8 d6e7 e8g6 e7e6 f3f4 a3a4 g6e4 a4b4 e3c1 b4b5 c1a3 b5b8 e4d3 b8a8 a3b4 a8b8 b4c3 b8f8 f4g4 f8d8 d3c2 d8d6 g5g6 d6b6 g6g7 e6f7 g4h5 f7g8 c3d4 b6b8 c2f5 b8e8 h5h6 g8f7 h6h7 e8a8 d4e5 a8d8 e5g3 d8a8 g3h4 a8b8 h4g5 b8a8 f5e4 a8g8 e4d5 f7e8 d5g8 e8d7 g5e3 d7c6 g8c4 c6d7 g7g8q d7c6 g8d5 c6c7 c4a6 c7b8 d5b7 
KNPKBB,B00v20,8227988370,2803879661,1195939012,6772915414,145472,597969506,3386457707,72736,64328269,8/8/3b4/2K5/1N5P/8/1b6/k7 w - - ,85,c5d6 b2a3 d6c5 a3c1 c5c4 c1d2 c4b3 d2h6 b4d3 a1b1 d3e5 h6f4 e5f3 b1c1 b3c3 c1d1 c3d3 f4c1 h4h5 c1h6 f3h2 h6g5 h2g4 d1e1 d3e4 e1f1 e4f5 g5c1 g4e5 f1g2 e5d3 c1h6 f5g4 g2f1 d3f4 f1f2 f4e6 h6d2 e6f4 f2e3 g4f5 e3d4 h5h6 d4c5 h6h7 d2c3 f5e6 c5c6 f4g6 c3g7 g6e7 c6b5 e7f5 g7h8 e6f7 b5c5 f7g8 h8a1 f5g7 a1b2 h7h8q c5c4 h8h1 b2a3 g7f5 a3b2 h1d1 b2a3 d1c2 c4d5 c2a2 d5c6 a2a3 c6d5 f5d6 d5e6 a3b4 e6d5 g8f7 d5c6 f7e6 c6c7 b4b5 c7d8 b5a5 
KNPKBB,B00v11,8227988370,2803879661,1107296786,3355993654,3762236162,553648393,1677996827,1881118081,66396851,8/8/5b2/PNK5/8/1b6/8/3k4 w - - ,171,a5a6 b3c2 c5d5 c2b3 d5e4 b3c2 e4f4 c2b3 f4f5 f6g7 f5e4 b3c2 e4d5 c2b3 d5c5 g7f8 c5c6 b3c2 b5c3 d1d2 a6a7 d2c3 c6d5 c2d1 d5e4 d1c2 e4f3 f8c5 a7a8q c5d4 a8a3 c3c4 f3e2 c2e4 a3d6 d4c5 d6e5 e4c6 e5e6 c6d5 e6g4 c5d4 g4c8 d4c5 e2d2 c4d4 c8h8 d4c4 h8c3 c4b5 c3f6 d5c4 d2c3 c5b4 c3d4 b4c5 d4e4 c5b6 f6d6 b6c5 d6c7 c5b6 c7b7 b5c5 e4e5 b6a5 b7c8 c5b5 e5d6 a5b4 d6d7 c4d5 c8c2 b4c5 c2d3 d5c4 d3b1 c5b4 d7c7 c4d5 b1c1 b4c5 c1c3 d5c4 c3b2 c5b4 b2g2 b4a5 c7d7 a5c3 g2c6 b5b4 c6b6 b4a3 b6b1 c4b3 d7d6 a3b4 d6c6 b4c4 b1f1 c4d4 c6b5 c3d2 f1g1 d2e3 g1a1 d4d3 a1b1 b3c2 b1a2 e3f2 a2b2 f2e3 b2e5 c2b3 b5b4 b3d1 e5c3 d3e2 b4c4 e2f3 c3f6 e3f4 c4d4 d1e2 f6e6 e2f1 e6b3 f3e2 d4e4 f4d2 b3f3 e2e1 e4d4 f1e2 f3g3 e1d1 g3g1 d1c2 g1g2 e2d1 g2c6 c2b2 d4d3 d2b4 c6c4 b4e1 c4c5 b2b3 c5c1 e1g3 c1d1 b3b4 d1c1 g3f2 c1b2 b4c5 b2f2 c5d6 f2f6 d6c5 f6e6 c5b5 e6d6 b5a4 d6b6 a4a3 d3c3 a3a2 b6b2 
KQPKBB,B00v20,8024443680,2302752105,5724894554,139986946,45868,2862447277,69993473,22934,1016032461,8/8/8/k7/1b6/b1Q5/1K4P1/8 w - - ,59,c3a3 b4a3 b2a3 a5b5 a3b3 b5c5 b3c3 c5d5 c3d3 d5e5 d3e3 e5f5 e3f3 f5g5 f3g3 g5h6 g3f4 h6h5 f4f5 h5h6 g2g3 h6g7 f5g5 g7h7 g5f6 h7h8 g3g4 h8g8 f6g6 g8h8 g4g5 h8g8 g6h6 g8f7 g5g6 f7f8 h6h7 f8e7 g6g7 e7d6 g7g8q d6c5 g8a2 c5b4 a2c2 b4a3 c2b1 a3a4 h7g6 a4a3 g6f5 a3a4 f5e4 a4a3 e4d3 a3a4 d3c4 a4a3 b1a1 
KQPKBB,B00v11,8024443680,2302752105,5897601742,101559724,58121338,2948800871,50779862,29060669,1047306133,8/8/P7/8/3k4/4b3/4b3/5QK1 w - - ,167,g1h2 e2f1 a6a7 e3f4 h2g1 f1d3 a7a8q f4e3 g1h2 e3f4 h2h3 d3f5 h3h4 d4e5 a8a5 e5e4 a5c5 f5e6 c5e7 e4d5 e7f6 f4e5 f6d8 d5e4 h4g5 e6c4 d8d2 c4e6 d2b4 e4d5 b4e7 e5d6 e7b7 d5c5 g5f6 e6d5 b7d7 d5c4 d7a7 c5d5 a7a1 c4b5 a1a5 d5c6 f6g5 b5c4 a5c3 c6d5 g5f5 d6c7 c3d2 d5c6 f5e4 c7b6 e4e5 b6c7 e5d4 c4e6 d2d1 c6d6 d1d3 c7d8 d3a6 d6d7 d4c5 d8e7 c5b5 e6d5 a6g6 d5e6 g6d3 e7d6 d3h7 d6e7 b5b6 e6d5 h7g6 e7d6 g6f5 d5e6 f5h7 d6e7 h7e4 e7d8 b6b5 d8f6 e4c6 d7e7 c6c7 e7f8 c7h7 e6f7 b5c5 f8e7 c5c6 e7e6 h7h3 e6e5 c6d7 f6g5 h3h2 g5f4 h2h8 e5f5 h8h7 f7g6 h7e7 f4g3 e7g7 g3f4 g7d4 g6f7 d7e7 f7h5 d4c5 f5g6 c5d5 f4g5 e7e6 h5g4 e6e5 g5h6 d5g2 g6g5 g2g3 g5h5 e5f6 h6g5 f6g7 g4f5 g3f3 f5g4 f3h1 g5h4 h1e4 h4g3 e4e3 h5h4 e3h6 g4h5 g7f6 h4g4 h6g5 g4f3 g5h5 f3f4 h5c5 g3h4 f6g6 h4e1 c5c1 f4e5 c1e1 e5d4 e1b4 d4d3 g6f5 d3e3 b4c3 e3f2 f5f4 f2g2 c3e1 g2h2 f4f3 h2h3 e1h1 
KBBNKP,B20v00,8184628434,2338735582,6207033872,184987366,6633502,3103516936,92493683,3316751,976554104,8/8/4K3/8/8/4B1Bk/6p1/7N w - - ,205,h1f2 h3g3 f2d3 g3h2 d3e1 g2g1n e6f5 g1e2 f5g4 e2c3 g4f3 h2h3 e3g5 c3b5 e1c2 b5d6 c2e3 d6b5 g5f6 b5c7 e3f5 c7e6 f6e7 h3h2 f3g4 h2g1 e7h4 e6f8 f5e3 f8e6 g4g3 e6c5 g3f3 g1h2 h4e7 c5e6 e3g4 h2h3 g4f2 h3h2 e7f6 e6c5 f6d4 c5e6 d4b6 e6f8 b6c7 h2g1 f2g4 f8e6 c7b6 g1f1 g4e3 f1g1 f3g3 e6f8 b6d4 f8e6 d4a7 e6d8 a7b6 d8c6 g3f3 g1h2 e3g4 h2h1 b6c5 c6d4 f3g3 d4b3 c5e3 b3a5 g3f2 a5c4 e3h6 c4d2 g4f6 d2b3 f6e4 h1h2 e4g5 b3c5 h6f8 c5d3 f2e3 d3b2 f8g7 b2c4 e3f2 c4d6 g7d4 h2h1 f2f3 d6f5 d4f2 f5e7 f2c5 e7d5 g5h3 h1h2 h3f2 d5c3 c5d6 h2g1 f2h3 g1f1 h3f4 c3a2 f4g2 a2c1 g2e3 f1g1 e3f5 g1f1 d6b4 c1d3 f5g3 f1g1 b4c3 d3c1 f3e3 c1b3 g3e2 g1g2 e2f4 g2g3 f4e6 g3g4 e3e4 g4h5 e4d3 b3c1 d3d2 c1a2 c3a5 h5g4 e6c7 g4f3 d2c2 f3e2 c7b5 e2f3 c2b1 f3e3 b1a2 e3e4 b5c3 e4d4 a2b2 d4e5 a5c7 e5d4 b2b3 d4c5 c7e5 c5c6 b3b4 c6b6 c3a4 b6c6 b4c4 c6b7 c4b5 b7a7 a4b6 a7b7 e5h2 b7a7 b5c6 a7a6 h2b8 a6a5 b6d5 a5a4 b8e5 a4b3 d5e3 b3b4 c6b6 b4a4 e5c3 a4b3 c3e1 b3a4 e1d2 a4b3 b6a5 b3a3 d2e1 a3b2 a5a4 b2a2 e3d1 a2a1 a4b3 a1b1 e1d2 b1a1 d2c1 a1b1 c1a3 b1a1 a3b2 a1b1 d1c3 
KBBNKP,B11v00,8184628434,2338735582,6230553936,22070240,1427296,3115276968,11035120,713648,881721224,8/B7/8/8/3K4/k7/4p3/1B5N w - - ,187,a7c5 a3a4 b1c2 a4a5 c5b4 a5b4 h1f2 e2e1n c2d1 b4a3 d4c3 e1g2 f2g4 g2f4 g4e3 a3a2 d1f3 a2b1 e3c4 f4e6 c4d2 b1c1 d2b3 c1b1 f3d5 e6f4 d5f7 f4h3 f7g6 b1a2 b3d2 h3f4 g6f7 a2a3 d2c4 a3a2 c3c2 f4h3 f7d5 h3f4 d5g8 f4h5 g8f7 h5f6 c2c3 a2b1 c4d2 b1a1 f7e6 f6d5 c3c2 d5c7 e6c4 c7e8 c2b3 e8d6 c4f1 d6b5 d2f3 b5c7 f3d4 a1b1 d4e2 c7e6 f1h3 e6c5 b3c4 c5b7 h3g2 b7d6 c4b3 d6f5 g2d5 b1a1 b3c3 f5e3 d5b3 e3g4 b3e6 g4e5 e2c1 a1b1 c1b3 e5c6 e6f5 b1a2 b3c1 a2a3 c1d3 c6b8 d3b2 b8a6 b2c4 a3a2 c4e3 a2a3 f5d7 a6c5 e3c2 a3a2 d7c6 c5a6 c3c4 a6c7 c2b4 a2b2 b4d3 b2c2 d3f4 c2d2 c4d4 d2c1 d4c5 c7a6 c5b5 a6b8 c6e8 c1d2 f4g6 d2c3 b5b6 c3b4 g6e7 b4b3 b6b7 b3c3 b7b8 c3d4 e7c6 d4d5 b8b7 d5c4 e8g6 c4b3 b7b6 b3c4 g6e4 c4c3 b6b5 c3b3 c6a5 b3c3 b5c5 c3b2 c5b4 b2a2 a5b3 a2b2 e4d3 b2a2 b4c3 a2a3 d3b1 a3a4 b3d4 a4a5 b1e4 a5a4 e4d5 a4a3 d4c2 a3a4 d5c6 a4a5 c3c4 a5b6 c2d4 b6c7 c4c5 c7d8 c5d6 d8c8 d4b3 c8d8 b3c5 d8c8 c6d7 c8b8 d6c6 b8a7 c6c7 a7a8 c7b6 a8b8 c5a6 b8a8 d7c6 
KQBBKP,B20v00,7983421440,899505121,4643233340,134850,22258,2321616670,67425,11129,1751498734,8/8/8/8/8/4Q3/1pkB3B/K7 w - - ,157,a1a2 b2b1q a2a3 b1b2 a3a4 b2a2 a4b4 a2d5 e3c3 c2d1 c3c1 d1e2 d2f4 d5d4 b4b5 d4d5 b5b6 d5d4 b6c6 d4f6 c6c5 f6e7 c5d5 e7d7 d5e5 d7e7 e5f5 e7d7 f5g5 d7e7 g5g4 e7d7 g4h4 d7h7 f4h6 h7e7 h6g5 e7h7 h4g4 h7d7 g4h5 d7h7 g5h6 h7f7 h5g5 f7e7 g5f5 e7d7 f5e5 d7e7 e5d5 e7f7 d5c5 f7f2 c5c6 f2f3 c6b6 f3f2 b6b7 f2f3 b7c8 f3f5 c8b8 f5b5 b8c7 b5a5 c7d7 a5a4 d7e7 a4e4 e7d6 e4b4 d6e6 b4g4 e6e5 g4h5 e5f6 h5h4 f6f7 h4h5 f7g7 h5g4 h6g5 g4d7 g7f6 d7d8 f6f7 d8d5 f7e7 d5b7 h2c7 b7e4 e7f6 e4d4 c7e5 d4d8 f6g7 d8d7 g7f8 d7f5 e5f6 f5d5 c1c7 d5d3 c7c6 d3a3 f8g7 a3f3 c6c2 e2f1 c2b1 f1g2 f6d4 f3g4 b1b7 g4f3 b7b2 g2h3 d4e5 h3g4 g5f4 f3d5 b2e2 d5f3 e2h2 f3b7 e5c7 b7f3 h2c2 f3d5 c2e2 g4f5 e2e8 d5g2 g7h7 g2h3 f4h6 h3g2 e8d7 f5f6 h6g5 g2g5 c7d8 f6e5 d8g5 e5e4 d7d2 e4f5 d2e3 f5g4 g5f4 g4f5 f4d6 f5f6 e3e5 f6f7 e5e7 
KQBBKP,B11v00,7983421440,899505121,4531088246,113066,19584,2265544123,56533,9792,1644617034,8/8/8/k1B5/8/1B1Q4/4p3/5K2 w - - ,129,f1g2 e2e1n g2g3 e1d3 c5g1 a5b5 g3f3 b5c6 f3e3 d3c5 b3a2 c6d7 g1f2 d7c6 f2g3 c5a4 a2f7 a4c5 e3d4 c5b7 f7e8 c6b6 d4e5 b7a5 e5e6 a5b7 g3f2 b6c7 e6e7 b7a5 f2g3 c7b6 e7d7 a5c4 g3f2 b6b5 e8h5 c4e5 d7d6 e5d3 f2d4 b5c4 d4f6 d3f2 h5f7 c4d3 d6d5 f2h3 f7g6 d3e3 d5e5 h3g1 f6g5 e3f2 g5d8 f2g3 d8c7 g1f3 e5e4 g3f2 e4f4 f3e1 c7b6 f2e2 f4e4 e1d3 g6h5 e2d2 e4d4 d3f2 b6a5 d2c2 d4c4 c2c1 a5b4 c1c2 h5f3 c2c1 b4e7 c1d2 e7g5 d2e1 g5h4 e1f1 c4d4 f2h3 d4e3 h3g1 f3b7 g1h3 e3f3 h3g1 f3g3 f1e1 g3g2 e1e2 h4f2 g1h3 b7a6 e2d1 f2e3 h3g1 e3g1 d1c1 g1e3 c1b2 g2f1 b2c3 f1e1 c3b2 e3d2 b2c2 a6f1 c2b1 f1d3 b1a1 d2c1 a1a2 d3c4 a2a1 e1d1 a1b1 c4f1 b1a1 d1c2 a1a2 f1c4 a2a1 c1b2 
KPKBBN,B00v20,8817262080,3973851310,358779226,1417540186,6900875960,179389613,708770093,3450437980,0,5n2/8/2P5/8/8/2b5/8/1Kbk4 w - - ,175,c6c7 c1a3 c7c8q d1d2 c8d8 d2e3 d8g5 e3d3 g5f5 d3e3 f5h3 e3d4 h3g4 d4e3 g4g3 e3d4 g3f4 d4d3 f4f3 d3c4 f3f1 c4d4 f1f6 d4c4 f6a6 c4b3 a6d3 a3c5 d3d5 b3b4 b1c2 c3d4 d5b7 c5b6 b7f7 b6c5 c2d3 b4b5 f7b7 c5b6 b7a8 d4c5 a8c8 b5b4 c8c6 b6a7 d3e4 c5d4 c6b7 b4c3 b7d5 a7c5 d5f7 c3b4 e4d5 b4a5 f7e8 d4f2 e8c6 a5b4 c6b7 b4c3 b7b5 f2d4 b5f1 d4g1 f1c4 c3b2 c4g4 b2c3 d5c6 g1e3 c6b5 c5d4 g4c8 d4c5 c8f5 e3g1 f5f4 g1d4 f4f1 d4g1 f1c4 c3d2 c4b3 g1e3 b3a2 d2d3 a2c4 d3d2 c4b3 e3g1 b3h3 g1d4 b5c4 d2e2 h3g3 e2d2 g3f4 d4e3 f4h2 e3f2 h2g2 d2e3 c4c5 f8e6 c5d6 e6f4 g2b7 f4d3 d6d5 d3f4 d5e5 f4d3 e5f5 e3d2 b7c6 d2e3 c6f6 f2e1 f6b6 e3e2 b6e6 e2d2 f5g4 e1f2 g4f3 f2d4 e6e2 d2c3 f3e4 d3c5 e4d5 c5b3 e2c4 c3b2 c4d3 d4c3 d3b5 b2c2 b5a4 c2b2 d5c4 b3a5 c4d3 c3e1 a4c2 b2a3 c2c1 a3b4 c1e1 b4b5 e1c1 a5c6 c1c4 b5b6 d3e4 b6b7 c4c5 c6d8 c5e7 b7c8 e4d5 d8b7 d5c4 b7a5 c4b5 a5c4 b5c4 c8b8 c4b5 b8c8 b5a6 c8b8 e7b7 
KPKBBN,B00v11,8817262080,3973851310,368465542,481915556,8106947690,184232771,240957778,4053473845,0,8/bb3P2/8/8/8/2k5/8/1K1n4 w - - ,229,f7f8q c3d3 f8f1 d3d2 f1f4 d2d3 f4c7 d1c3 b1b2 c3a4 b2a3 a4c5 c7a5 b7a6 a3b4 d3e4 a5c7 a6b7 c7h2 c5d3 b4b5 d3c5 h2e2 e4d4 e2d1 d4e4 d1b1 e4f4 b1a2 b7a6 b5c6 f4e4 a2d5 e4e3 d5g8 a6b7 c6c7 e3d4 g8g1 d4d3 g1d1 d3c4 d1c2 c4d4 c2b2 d4e4 c7d6 b7a6 b2g2 e4e3 g2g7 a6b7 g7g1 e3d3 g1b1 d3e3 d6e7 b7a6 b1d1 e3e4 d1d8 a6b7 d8d6 e4f3 d6d4 f3g3 d4e5 g3h3 e7d8 h3g4 e5d4 g4g3 d4c3 g3f4 c3a5 c5a6 a5a4 f4g3 a4a3 g3g4 a3b2 a6c5 d8e7 g4f4 b2b4 f4f5 b4d4 b7e4 d4a1 a7b8 a1c3 b8e5 c3h3 f5f4 h3h2 f4f5 h2f2 e5f4 f2c5 f4e5 c5f2 e5f4 f2f1 f5e5 f1a1 e5f5 a1f6 f5g4 f6c3 e4f5 e7f6 f4g5 f6e5 g5f4 e5d5 f4g3 c3d2 g3f4 d2d1 g4h4 d1e2 h4g5 e2f3 f5g6 d5e6 g6f5 e6f7 f5g6 f7e7 g6f5 f3f2 f4e5 f2e3 e5f4 e3g1 f5g4 e7f7 f4e5 g1f1 g4f5 f1f3 e5f4 f3g2 f5g4 g2b2 g4h5 f7e7 h5f3 b2f6 g5g4 f6g6 g4h3 g6g1 f4g3 e7e6 h3g4 e6f6 g4f4 g1c1 f4e4 f6g5 f3e2 c1b1 e2d3 b1h1 e4e3 h1g1 g3f2 g1h2 d3c2 h2g2 c2d3 g2d5 f2g3 g5g4 g3e1 d5f3 e3d2 g4f4 d2c3 f3c6 d3c4 f4e4 e1d2 c6d6 d2c1 d6g3 c3c2 e4d4 c4e2 g3c3 c2d1 d4e4 c1d2 c3b3 d1c1 e4d4 d2f4 b3d5 f4d2 d5h1 c1c2 h1e4 c2d1 e4b1 d2c1 d4c3 e2a6 b1c2 d1e1 c2c1 e1f2 c1a3 a6f1 c3d2 f1b5 a3e3 f2g2 e3f4 b5f1 d2e1 f1e2 e1e2 g2h3 f4g5 h3h2 e2f2 h2h3 g5g3 
KPKQBB,B00v20,8817262080,2297778639,53913498,850467652,7772814222,26956749,425233826,3886407111,0,8/7P/8/8/8/b7/1k6/q1bK4 w - - ,55,h7h8q b2a2 h8g8 a2b2 g8g7 b2a2 g7f7 a2b2 f7f6 b2a2 f6e6 a2b2 e6e5 b2a2 e5d5 a2b2 d5d4 b2b3 d4a1 c1b2 a1b1 b3c4 b1e4 b2d4 d1c2 a3b4 e4e6 c4c5 c2d3 b4c3 d3e4 c3a1 e6d5 c5b4 e4d3 d4g1 d5c4 b4a5 c4b3 g1b6 b3a2 a5b5 a2c4 b5a5 c4c6 a1b2 d3c4 a5a6 c6c8 a6a7 c4d5 b2a1 d5c6 a1b2 c8b7 
KPKQBB,B00v11,8817262080,2297778639,26995520,76151588,8854181680,13497760,38075794,4427090840,0,1K6/2Pkb3/4b3/8/8/8/8/7q w - - ,167,c7c8q d7d6 c8c7 d6d5 c7b7 d5d4 b7h1 e7d6 b8a7 d6c5 a7a6 e6c4 a6a5 c4d3 h1c1 d3c4 c1g5 c4d3 g5d2 d4e4 d2c3 c5d4 c3e1 e4d5 a5b4 d3e4 e1c1 e4f5 c1c7 f5d3 c7f4 d3e4 f4g5 d4e5 g5g8 d5d6 g8c4 e4f5 c4b5 d6e6 b5c6 e6f7 c6h6 e5f6 b4c5 f7e6 h6h1 f6e7 c5c6 e7f8 h1e1 e6f7 c6d5 f8g7 e1e2 f7f6 e2e8 f6g5 e8g8 g5g6 d5c6 g6f6 c6d6 f5g4 g8d8 f6g6 d8e8 g6g5 e8e3 g5g6 e3g1 g6f5 g1g3 g7f6 d6d5 g4h5 g3f2 f5g5 f2e3 g5f5 e3e6 f5g5 d5e4 h5g6 e4e3 f6g7 e6d6 g6f5 e3f3 f5g4 f3g3 g4f5 d6d2 g5g6 d2d5 g6g5 d5g8 g5f6 g3h4 f5e6 g8b8 f6e7 b8b4 e7f7 b4b7 f7g6 b7b1 g6f7 b1h7 f7f6 h7e4 g7f8 e4f3 f6g7 h4h5 e6f7 h5g5 f8e7 g5f4 e7f6 f3b7 g7g8 f4f5 f6h8 b7h1 g8g7 h1a8 f7g6 f5g5 g6f7 a8d8 f7a2 d8d4 g7g8 d4g4 a2f7 g5h6 g8f8 g4b4 f8e8 b4b8 e8d7 b8h8 f7d5 h8f6 d5c6 h6g5 d7c7 g5f5 c7b6 f5e6 b6b5 e6d6 c6e8 d6d5 e8h5 f6b2 b5a6 b2b4 h5f3 d5d6 f3e2 d6c6 e2f3 c6c7 f3d1 b4b6 
KRPKBB,B00v20,8459934480,1989553651,2820630968,4154563116,70118,1410315484,2077281558,35059,675267872,8/8/5P2/1R2bk2/1K1b4/8/8/8 w - - ,271,f6f7 f5e6 f7f8n e6f7 f8d7 f7e6 b5b7 e6d5 b4b5 e5d6 b5a5 d5c6 a5a6 d6c7 d7f8 d4b6 f8g6 c6d6 g6h4 d6d5 a6b5 d5d6 h4g2 b6g1 g2e1 g1f2 e1d3 f2g1 d3b2 g1f2 b2c4 d6d7 b5a6 f2d4 b7b1 d7c6 b1c1 d4c5 c1c2 c7d8 c4d2 c6d5 d2b3 c5g1 c2c1 g1f2 a6b5 d8b6 b3a1 f2g1 a1c2 b6c5 c1d1 g1d4 d1d2 d5e4 b5c4 d4f2 d2d8 c5e7 d8e8 f2c5 c2e1 c5a3 e1d3 a3d6 e8g8 d6h2 g8g4 e4f5 g4g2 e7d6 c4d5 h2g3 g2g1 g3h2 g1e1 h2g3 e1h1 g3h2 d3e1 h2g3 e1f3 g3f4 f3d4 f5f6 h1a1 f4e3 a1f1 e3f4 d5e4 f6g6 d4f5 g6g5 f1d1 d6e5 f5e7 f4h2 d1f1 e5d6 f1f5 g5h6 f5f6 h6g5 e7d5 h2e5 f6e6 e5g3 d5e3 d6e5 e3f5 g3h2 e6a6 e5f6 a6a2 f6e5 a2c2 e5f4 c2c6 g5g4 c6c8 f4g5 c8c2 h2g3 c2g2 g5f4 f5d4 f4e5 d4e6 e5f6 g2g1 f6h4 g1c1 g3e1 c1d1 e1c3 e6c5 h4g3 d1d8 g3f4 c5d3 f4g5 d8g8 c3f6 g8a8 g5d2 a8a3 f6c3 a3b3 g4g5 b3b1 g5f6 b1b6 f6g5 b6c6 c3a1 c6c8 a1g7 c8a8 g7c3 a8f8 g5g6 f8f2 d2e1 f2f1 e1d2 d3c5 c3b4 c5d7 d2c3 d7b6 b4c5 b6d5 c3b4 f1f3 c5d6 f3f6 g6g5 f6f2 g5g6 f2g2 g6f7 e4f5 b4a3 g2e2 a3c5 e2e1 c5a3 e1a1 a3c5 a1a5 c5g1 a5b5 g1c5 b5b7 d6e7 b7d7 c5d6 d5b6 d6g3 b6c4 g3h2 c4a5 h2d6 a5c6 d6a3 c6e5 f7g7 f5e6 g7h6 e5c6 e7h4 d7b7 h6g6 c6e5 g6h6 e6f5 h4e7 e5c6 e7h4 c6d4 h4e7 d4e6 a3b4 b7c7 h6h5 e6f4 h5h6 f4d5 e7f8 d5f6 f8g7 f6e4 g7f8 c7f7 b4a3 e4g5 h6h5 f7h7 f8h6 g5f7 h5h4 f7h6 h4g3 f5e4 a3b2 h6f5 g3g4 h7h2 b2f6 f5e3 g4g5 e3d5 f6d8 h2g2 g5h4 d5f4 d8g5 e4f3 g5f4 g2g4 h4h5 f3f4 h5h6 f4f5 h6h7 f5f6 h7h8 f6f7 h8h7 g4h4 
KRPKBB,B00v11,8459934480,1989553651,3613494478,3427708084,156037616,1806747239,1713854042,78018808,698414418,k7/4b3/b1K5/7P/8/8/8/3R4 w - - ,199,h5h6 a6b7 c6d7 e7f6 d7e6 f6b2 d1d2 b2c3 d2d3 c3b2 d3b3 b2h8 b3a3 a8b8 e6d6 b7h1 a3e3 b8a7 d6c7 a7a6 e3e8 h8b2 c7d6 b2f6 e8e1 h1g2 e1e6 f6h8 e6e8 h8f6 e8f8 f6c3 f8f4 g2h1 h6h7 c3h8 f4f8 h8g7 f8g8 g7c3 g8e8 c3g7 d6c5 h1b7 e8e6 a6a7 c5d6 g7h8 e6e8 h8f6 d6e6 f6b2 e6f5 b7a6 e8e3 a7b6 f5g6 b6c5 g6h6 b2c1 h7h8q c1e3 h6h5 a6e2 h5h4 e3f2 h4g5 f2e3 g5f5 e2d3 f5e6 d3c4 e6d7 c5d5 h8h5 d5d4 h5g4 d4c3 g4f3 c3d4 d7d6 c4b3 f3g4 d4c3 d6e5 b3c2 e5d5 c2b3 d5e4 e3c5 g4f3 c3c4 f3f4 b3a4 f4c1 c4b4 e4d3 a4b5 d3d2 c5d4 c1c7 d4c5 c7f4 b5c4 f4b8 c4b5 d2c2 c5d4 b8c7 b5c4 c7c6 d4c5 c6b7 c4b5 b7g7 b5a4 c2d2 a4c6 g7c3 b4b5 c3b3 b5a6 b3b8 c5b6 d2d3 a6b5 d3c3 b5c5 b8f8 c5d5 c3b4 c6d7 f8g8 d7e6 g8a8 d5d6 a8b8 b6c7 b8b5 e6f7 b5b7 f7e6 b7e4 c7b6 b4b5 b6d8 e4d3 d6c7 d3d4 e6d7 b5c5 d8e7 c5d5 d7c8 d4f2 c7d7 f2a7 d7e8 a7a8 e8d7 a8c6 d7d8 d5e5 c8h3 c6b6 d8c8 e5d5 h3f5 b6d4 f5d7 d4f4 d7h3 f4e3 h3g2 d5e6 e7h4 e3c1 c8b7 c1b2 b7c6 b2g2 c6c5 g2g1 c5b4 g1d4 b4a3 d4h4 a3b2 h4c4 b2a1 c4e2 a1b1 e6d5 b1a1 d5c4 a1b1 c4b3 b1a1 e2d1 
KPKRBB,B00v20,8817262080,2539908172,80015782,1305136724,7292042866,40007891,652568362,3646021433,0,5b2/1P3r2/8/8/7K/8/1b5k/8 w - - ,143,b7b8q h2g1 b8g3 g1h1 g3e1 h1h2 e1d2 h2g1 d2d1 f7f1 d1g4 g1f2 g4f5 f2g2 f5e4 g2f2 e4c2 f2g1 c2g6 g1f2 g6b6 f2g2 b6b2 f1f2 b2b7 g2g1 b7b1 g1h2 b1e1 h2g2 e1e4 g2g1 e4g6 g1h1 g6c6 h1h2 c6c7 h2g2 h4g4 g2g1 c7b6 g1g2 b6b7 g2g1 b7b1 g1g2 b1e4 g2h2 e4e5 h2g2 e5c3 f2f7 c3b2 g2g1 b2b1 g1g2 b1e4 g2h2 g4h4 f7f2 e4e5 h2g2 h4g4 g2f1 g4g3 f2g2 g3h3 g2f2 e5d4 f1e2 h3g3 f2f3 g3g2 f3e3 d4c4 e3d3 c4e4 e2d2 e4f4 d3e3 f4f8 d2d3 f8b4 e3e5 g2g3 e5d5 b4b1 d3d4 g3f4 d4c5 b1a1 d5d4 f4f5 d4d3 a1a5 c5d4 a5b4 d4e3 b4b6 e3d2 b6f2 d2c1 f5e4 d3d2 f2f1 c1b2 f1b5 b2c3 e4e3 d2d1 b5c5 c3b3 e3e2 d1b1 e2d2 b1b2 d2c1 b2a2 c5d5 b3a3 d5e6 a2a1 c1c2 a3b4 e6e4 b4a3 e4a8 a3b4 a8a1 b4c5 a1d1 c5c6 d1d8 c6b5 d8d6 b5a5 d6c6 a5b4 c6d5 b4a4 c2c3 a4a3 d5b3 
KPKRBB,B00v11,8817262080,2539908172,50248606,428496676,8478583506,25124303,214248338,4239291753,0,5b1r/P7/k7/8/8/8/4b1K1/8 w - - ,179,a7a8q a6b6 a8d8 b6c5 d8g5 c5c4 g5f4 c4d3 f4f5 d3d2 f5a5 d2c2 a5a2 c2d3 a2d5 d3c2 d5e4 e2d3 e4a4 c2d2 a4a5 d2e3 a5b6 e3e4 b6e6 e4d4 e6f6 d4d5 f6h8 d3e4 g2f2 f8c5 f2e2 c5d4 h8b8 d4c5 e2d2 c5d4 b8f4 d4e5 f4f7 d5d6 d2e3 e4c6 f7a7 c6d7 a7a5 d7c6 e3d3 c6d5 a5b6 d6e7 b6c5 e7e6 d3e3 e5f6 c5b6 e6e7 b6b8 d5e6 e3f4 e7f7 b8d6 f6g7 f4g5 g7f6 g5h6 f6g7 h6h5 g7f6 d6f4 e6d5 f4f5 d5c6 f5c8 c6e8 c8b7 f7e6 h5g4 e8g6 g4f4 g6e8 b7a6 e6e7 f4e4 e8g6 e4d5 g6f7 d5c5 f6e5 a6h6 f7e6 h6g5 e5f6 g5f4 e6g8 f4c7 e7f8 c7d7 g8f7 d7g4 f8e7 g4e4 e7f8 e4h7 f8e7 c5c6 e7e6 h7h3 e6e5 c6d7 f6g5 h3h2 g5f4 h2h8 e5f5 h8h7 f7g6 h7e7 f4g3 e7g7 g3f4 g7d4 g6f7 d7e7 f7h5 d4c5 f5g6 c5d5 f4g5 e7e6 h5g4 e6e5 g5h6 d5g2 g6g5 g2g3 g5h5 e5f6 h6g5 f6g7 g4f5 g3f3 f5g4 f3h1 g5h4 h1e4 h4g3 e4e3 h5h4 e3h6 g4h5 g7f6 h4g4 h6g5 g4f3 g5h5 f3f4 h5c5 g3h4 f6g6 h4e1 c5c1 f4e5 c1e1 e5d4 e1b4 d4d3 g6f5 d3e3 b4c3 e3f2 f5f4 f2g2 c3e1 g2h2 f4f3 h2h3 e1h1 
KRBBKP,B20v00,8411859960,1360826422,5577069756,34829702,64702,2788534878,17414851,32351,1485990438,3B4/8/8/8/6RK/8/5k1p/B7 w - - ,53,d8b6 f2e1 a1c3 e1d1 g4d4 d1c1 c3b2 c1c2 d4c4 c2b2 b6d4 b2b1 c4b4 b1c1 d4e3 c1c2 b4c4 c2d3 c4c1 d3e3 c1a1 e3d2 a1h1 d2e3 h4g4 e3d2 h1h2 d2e3 g4f5 e3d4 h2h4 d4c3 h4e4 c3c2 e4e3 c2d1 f5e4 d1d2 e4f3 d2d1 e3e2 d1c1 e2f2 c1b1 f3e3 b1a1 e3d3 a1b1 d3c3 b1a1 c3b3 a1b1 f2f1 
KRBBKP,B11v00,8411859960,1360826422,5483886526,310944,52646,2741943263,155472,26323,1377762384,8/8/8/8/8/8/BR1p4/B1k1K3 w - - ,151,e1f2 d2d1n f2e1 d1b2 e1e2 c1c2 e2e3 b2d1 e3d4 d1b2 d4c5 b2d3 c5b5 d3b2 b5b4 b2d3 b4a3 d3f4 a1b2 f4e2 a2g8 e2c1 b2a1 c1e2 a3b4 c2d3 g8h7 d3e3 b4c5 e2f4 a1d4 e3f3 c5d6 f4g2 d6e5 g2e1 d4c3 e1g2 h7e4 f3f2 c3b4 g2e1 e5f4 e1g2 f4g5 g2e1 b4a5 e1g2 a5b6 f2g3 e4d5 g2e1 b6c7 g3f2 g5g4 f2e3 d5f7 e1c2 c7b6 e3d3 f7g6 d3c3 b6a5 c3b3 g4f4 c2b4 g6f7 b3a4 a5b6 a4b5 b6e3 b5c6 f4e5 b4d3 e5d4 d3c5 f7d5 c6b5 e3f2 b5b4 d5f7 c5b3 d4e4 b3c5 e4d5 c5a4 d5d4 a4c5 f2e1 b4b5 d4d5 c5b3 f7e8 b5b6 d5d6 b6a6 e1f2 a6a5 d6d5 a5b4 f2e1 b4a3 e1c3 b3c1 d5c4 c1a2 c3g7 a2c1 e8h5 c1a2 h5d1 a2c1 c4c3 c1a2 c3c2 a3b4 c2b2 a2c1 b2c1 b4c5 d1b3 c5b4 c1b2 b4b5 g7f8 b5c6 b3c4 c6d7 b2a3 d7c6 a3a4 c6d7 c4d5 d7e8 f8a3 e8d7 a4b5 d7e8 b5c6 e8d8 d5f7 d8c8 a3e7 c8b8 c6b6 b8c8 f7e6 c8b8 e7d6 b8a8 e6d5 
KNKBBP,B00v20,8461431900,4147768521,94828,3752430702,4442276382,47414,1876215351,2221138191,66374484,8/8/8/4N3/8/6b1/p6b/k1K5 w - - ,7,e5c6 h2g1 c6a5 g1e3 c1c2 e3c1 a5b3 
KNKBBP,B00v11,8461431900,4147768521,71352,1291749820,7166478556,35676,645874910,3583239278,68506596,8/8/8/b7/8/pb6/3N4/k1K5 w - - ,15,d2b3 a1a2 b3a5 a2a1 a5b3 a1a2 b3d4 a2a1 c1c2 a1a2 d4e2 a2a1 e2c1 a3a2 c1b3 
KBPKBB,B10v20,8526316560,985112606,751469874,2952798418,54372,375734937,1476399209,27186,181324766,8/8/1B6/5P2/8/8/5b2/2b2K1k w - - ,101,f1f2 c1b2 f2g3 b2e5 g3h3 e5f6 b6c5 f6d4 c5d6 d4c5 d6f4 c5e3 h3g4 e3d4 g4f3 d4f6 f4g3 f6g5 g3e5 g5e7 e5g7 e7a3 g7a1 a3e7 a1e5 e7d8 e5g7 d8a5 g7f8 a5c3 f8d6 c3f6 f3e4 h1g2 e4d5 f6g7 d6e5 g7h6 f5f6 g2h3 e5b2 h3g4 d5e5 g4h5 e5f5 h6g5 f6f7 g5e7 b2c1 e7b4 c1f4 b4e7 f5e6 e7f8 e6f6 h5g4 f4c1 g4h5 c1d2 h5g4 f6g6 f8a3 d2c3 a3c5 c3g7 c5a3 g6h7 a3b4 h7g8 g4f5 g7f8 b4d2 f8a3 d2h6 a3b2 f5g6 b2a1 g6f5 a1g7 h6c1 f7f8q f5e4 g7h6 c1b2 f8b4 b2d4 h6g7 e4f4 g7d4 f4e4 d4c5 e4d3 b4d4 d3c2 c5a3 c2b3 d4c5 b3a2 c5c3 a2b1 c3b2 
KBPKBB,B10v02,8526316560,985112606,508589122,3353711546,235206,254294561,1676855773,117603,230564814,4b1bk/3P4/6KB/8/8/8/8/8 w - - ,65,d7e8n g8h7 g6g5 h8g8 e8f6 g8f7 f6h7 f7e6 h7f6 e6e5 g5g6 e5d4 g6f5 d4c5 f5e5 c5c6 f6d5 c6c5 h6e3 c5c6 e5e6 c6b7 e6d6 b7b8 d5c7 b8c8 d6c6 c8b8 e3g1 b8c8 g1a7 c8d8 c7d5 d8e8 a7d4 e8d8 d4e5 d8c8 d5b6 c8d8 e5f6 d8e8 c6d6 e8f7 b6d5 f7f8 d6e6 f8e8 d5e3 e8f8 e3f5 f8e8 f6h4 e8f8 h4e7 f8g8 e6f6 g8h7 f6f7 h7h8 f7g6 h8g8 f5h6 g8h8 e7f6 
KBPKBB,B10v11,8526316560,985112606,1029101572,6627918020,160351822,514550786,3313959010,80175911,422312004,1b6/8/7P/k7/8/3K3b/7B/8 w - - ,169,d3e4 h3g2 e4d4 b8a7 d4d3 g2h3 h2c7 a5b5 d3e4 h3g2 e4f4 b5c6 c7e5 a7g1 h6h7 g1h2 f4f5 c6d5 h7h8q g2e4 f5g5 h2e5 h8h3 d5d4 h3d7 d4c3 d7a4 e5d4 g5f4 e4c2 a4b5 c2b3 b5c6 c3d3 c6f3 d3c4 f3f1 c4c3 f1e1 c3c4 f4f3 b3c2 e1d2 c2d3 f3f4 d4c3 d2a2 c4b4 f4e3 d3c4 a2a7 b4b3 a7c5 c3b2 e3d2 b2c3 d2c1 c3b2 c1d1 b2c3 c5e3 c4d5 e3d3 d5c6 d3a6 c6a4 a6b7 b3c4 d1e2 a4c2 e2e3 c2a4 b7c7 c4b4 e3e4 a4c2 e4d5 c2b3 d5d6 c3d4 c7c1 b3c4 c1d2 d4c3 d2d1 c3b2 d6c6 b2c3 d1g1 c3b2 g1e3 b2a3 c6b6 a3b2 e3e7 b4a4 e7e4 a4b4 e4b1 b4c3 b6a5 c4d3 b1e1 c3c2 e1f2 c2c3 f2g2 c3b3 g2g8 b3c2 g8a2 c2c3 a2d5 b2c1 d5c5 c3b2 a5a4 d3c2 a4b4 c1d2 b4c4 c2b1 c5d4 b2c2 d4d3 c2c1 d3a3 c1d1 a3b2 b1c2 b2a1 d1e2 a1e5 e2d1 e5h5 d1c1 h5h1 c1b2 h1h8 b2b1 h8d4 b1c1 d4a1 c2b1 c4b3 d2h6 a1b2 c1d1 b2b1 d1e2 b1c2 h6d2 b3c4 e2e3 c2d3 e3f4 d3d2 f4f5 c4d5 f5f6 d2f4 f6g7 f4g5 g7h8 d5e5 h8h7 e5f6 h7h8 g5g7 
KBBKQP,B20v00,8477211450,2844367059,115234,1822243974,5125968032,57617,911121987,2562984016,851248156,6qk/7p/5K1B/8/8/8/8/B7 w - - ,15,f6e7 g8g7 a1g7 h8g8 g7f8 g8h8 e7e6 h8g8 f8a3 g8h8 a3b2 h8g8 e6f6 g8h8 f6f7 
KBBKQP,B11v00,8477211450,2844367059,1652666762,475643416,4662590738,826333381,237821708,2331295369,756349216,8/8/8/2k5/1q5B/3B2p1/4K3/8 w - - ,149,h4e7 c5d4 e7b4 g3g2 b4a5 g2g1n e2d2 g1f3 d2c2 f3g5 d3f1 g5e4 a5b6 e4c5 c2d2 d4d5 d2e3 c5b3 f1e2 b3c5 e2f3 d5c4 f3c6 c5b3 c6e8 b3c5 e8f7 c4b5 b6d8 c5b7 d8e7 b5c6 e3d4 b7d6 f7d5 c6c7 e7g5 d6b7 d5h1 b7a5 h1e4 a5b7 d4c3 b7a5 c3b4 a5b7 g5f4 c7b6 f4g3 b7d8 g3f2 b6c7 b4b5 c7d6 f2g3 d6e6 e4c2 d8f7 c2b3 e6f6 g3h4 f6g6 b5c5 f7g5 b3c2 g6h5 h4g3 h5g4 g3d6 g4f3 c5d4 g5e6 d4e5 e6f4 c2e4 f3g4 d6c7 g4g5 e4c2 f4g6 e5d5 g6f4 d5e4 f4h5 e4e5 h5f4 c7d8 g5g4 e5e4 f4g6 c2d1 g4g3 e4e3 g3h3 d1e2 h3g3 d8f6 g3h3 e2b5 h3g4 b5d7 g4h5 d7e8 h5h6 e3e4 g6f8 e4f5 f8h7 f6b2 h7f8 f5f6 f8h7 f6f7 h6g5 f7g7 h7f6 b2f6 g5f5 e8f7 f5e4 g7g6 e4e3 f7d5 e3d2 d5c4 d2c1 f6c3 c1b1 c3b4 b1a1 b4a3 a1b1 c4b3 b1a1 g6f5 a1b1 f5e4 b1a1 b3c4 a1b1 e4d3 b1a1 d3c3 a1b1 c3b3 b1a1 a3b2 a1b1 c4d3 
KBBKNP,B20v00,8477211450,2378995944,332222,6645670902,302324116,166111,3322835451,151162058,851248156,7k/4n2p/7B/5K2/8/8/7B/8 w - - ,21,f5e6 e7c6 e6f7 c6d8 f7f8 d8e6 f8e7 e6g5 h2f4 h8g8 f4g5 g8h8 g5c1 h8g8 c1d2 g8h8 d2c3 h8g8 e7f6 g8h8 f6f7 
KBBKNP,B11v00,8477211450,2378995944,5741478820,902227268,147194828,2870739410,451113634,73597414,756349216,K7/8/8/k7/Bp6/7n/7B/8 w - - ,261,a4d7 h3f2 h2g3 f2d3 g3c7 a5a6 d7e8 d3c5 c7d6 a6b6 d6b8 c5e6 b8a7 b6a5 e8d7 e6g5 a7d4 g5f3 d4g7 a5b6 d7a4 f3d2 g7h6 d2c4 a8b8 b6a5 a4c2 a5b6 h6g7 c4d2 c2d3 d2b3 d3f1 b3d2 f1e2 d2b3 e2d3 b3c5 d3c4 c5e4 c4f7 e4d2 g7h6 d2f3 f7h5 f3e1 h5d1 e1d3 h6g7 d3c5 d1h5 c5e6 g7b2 e6g5 h5e2 b6c5 b2f6 g5e6 f6e7 c5b6 e2c4 e6c5 e7d8 b6c6 d8g5 c5d7 b8a7 d7e5 c4e6 c6b5 g5f6 e5c6 a7a8 b5b6 e6f7 c6a5 a8b8 b6b5 f7e8 b5c5 b8a7 b4b3 a7a6 a5c4 e8g6 c4d2 f6c3 d2c4 c3g7 b3b2 g7c3 c5d5 g6b1 d5c5 b1a2 c5d6 c3b4 d6c6 a2b1 c6d5 a6b5 d5d4 b1f5 c4e5 f5c2 e5f3 b5a4 d4c4 c2g6 f3d4 b4a3 c4c3 a3e7 c3c4 e7f6 c4c5 f6g7 b2b1q g6b1 d4e6 g7a1 e6d4 b1d3 d4f3 a4b3 f3g1 a1b2 g1f3 b3c3 f3g5 d3f1 g5e6 f1g2 c5d6 g2h1 e6f4 c3d4 f4e6 d4e4 e6c5 e4f5 c5b3 b2a3 d6d7 f5e4 b3a5 e4d5 a5b7 h1e4 d7c7 a3c1 b7a5 c1e3 a5b7 e3f2 b7d8 f2g3 c7b6 d5c4 d8b7 c4b4 b7d8 g3f2 b6c7 b4b5 c7d6 f2g3 d6e6 e4c2 d8f7 c2b3 e6f6 g3h4 f6g6 b5c5 f7g5 b3c2 g6h5 h4g3 h5g4 g3d6 g4f3 c5d4 g5e6 d4e5 e6f4 c2e4 f3g4 d6c7 g4g5 e4c2 f4g6 e5d5 g6f4 d5e4 f4h5 e4e5 h5f4 c7d8 g5g4 e5e4 f4g6 c2d1 g4g3 e4e3 g3h3 d1e2 h3g3 d8f6 g3h3 e2b5 h3g4 b5d7 g4h5 d7e8 h5h6 e3e4 g6f8 e4f5 f8h7 f6b2 h7f8 f5f6 f8h7 f6f7 h6g5 f7g7 h7f6 b2f6 g5f5 e8f7 f5e4 g7g6 e4e3 f7d5 e3d2 d5c4 d2c1 f6c3 c1b1 c3b4 b1a1 b4a3 a1b1 c4b3 b1a1 g6f5 a1b1 f5e4 b1a1 b3c4 a1b1 e4d3 b1a1 d3c3 a1b1 c3b3 b1a1 a3b2 a1b1 c4d3 
KKBBBP,B00v30,3023591880,782577175,0,172127532,1267693836,0,86063766,633846918,0,,,
KKBBBP,B00v21,3023591880,782577175,0,28607492,4578754900,0,14303746,2289377450,0,,,
KBBKRP,B20v00,8477211450,1097904182,156778,6346782202,601388260,78389,3173391101,300694130,851248156,6rk/7p/7B/4K3/8/8/8/B7 w - - ,15,e5e6 g8g7 a1g7 h8g8 g7f8 g8h8 f8a3 h8g8 a3c1 g8h8 c1b2 h8g8 e6f6 g8h8 f6f7 
KBBKRP,B11v00,8477211450,1097904182,1780693970,4418934938,591272008,890346985,2209467469,295636004,756349216,8/8/8/2k5/6B1/1p2r3/8/3KB3 w - - ,151,e1f2 c5d4 d1d2 b3b2 f2e3 d4e4 g4h5 b2b1n d2e2 b1c3 e2f2 c3b5 e3c1 b5d4 h5g6 d4f5 f2e2 e4e5 e2d3 f5g3 c1b2 e5f4 b2c3 g3f5 c3f6 f5e3 f6d8 e3f5 d8c7 f4g5 g6e8 f5g7 e8d7 g5g6 c7b6 g7f5 b6d8 f5d6 d3e3 d6f5 e3f3 f5g7 f3g4 g6f7 d8h4 g7e6 d7b5 e6g7 b5c4 f7g6 c4b3 g7e8 b3c2 g6f7 g4g5 e8d6 c2b3 f7e7 h4e1 d6e4 g5f5 e4c5 b3d1 e7d6 d1f3 c5b3 e1g3 d6c5 f5e5 b3c1 g3f2 c5c4 e5e4 c1a2 f3e2 c4b3 e2h5 b3c2 h5g6 a2c3 e4e3 c2b3 e3d3 c3a4 g6f7 b3b4 d3d4 a4c5 f2e1 b4b5 d4d5 c5b3 f7e8 b5b6 d5d6 b6a6 e1f2 a6a5 d6d5 a5b4 f2e1 b4a3 e1c3 b3c1 d5c4 c1a2 c3g7 a2c1 e8h5 c1a2 h5d1 a2c1 c4c3 c1a2 c3c2 a3b4 c2b2 a2c1 b2c1 b4c5 d1b3 c5b4 c1b2 b4b5 g7f8 b5c6 b3c4 c6d7 b2a3 d7c6 a3a4 c6d7 c4d5 d7e8 f8a3 e8d7 a4b5 d7e8 b5c6 e8d8 d5f7 d8c8 a3e7 c8b8 c6b6 b8c8 f7e6 c8b8 e7d6 b8a8 e6d5 
KBBKBP,B20v10,8477211450,688899195,160992,3212014450,187493062,80496,1606007225,93746531,265307106,7k/7p/3b3B/4K3/7B/8/8/8 w - - ,13,e5d6 h8g8 d6e6 g8h8 h4e1 h8g8 e1d2 g8h8 d2c3 h8g8 e6f6 g8h8 f6f7 
KBBKBP,B20v01,8477211450,688899195,460878,3383469588,164728270,230439,1691734794,82364135,314530902,5B1k/3b3p/6KB/8/8/8/8/8 w - - ,15,g6f7 d7e8 f7e8 h8g8 f8a3 g8h8 a3c1 h8g8 e8e7 g8h8 c1b2 h8g8 e7f6 g8h8 f6f7 
KBBKBP,B11v10,8477211450,688899195,1714218556,4904307190,172375170,857109278,2452153595,86187585,756349216,8/8/8/2k5/1b5B/3B2p1/4K3/8 w - - ,149,h4e7 c5d4 e7b4 g3g2 b4a5 g2g1n e2d2 g1f3 d2c2 f3g5 d3f1 g5e4 a5b6 e4c5 c2d2 d4d5 d2e3 c5b3 f1e2 b3c5 e2f3 d5c4 f3c6 c5b3 c6e8 b3c5 e8f7 c4b5 b6d8 c5b7 d8e7 b5c6 e3d4 b7d6 f7d5 c6c7 e7g5 d6b7 d5h1 b7a5 h1e4 a5b7 d4c3 b7a5 c3b4 a5b7 g5f4 c7b6 f4g3 b7d8 g3f2 b6c7 b4b5 c7d6 f2g3 d6e6 e4c2 d8f7 c2b3 e6f6 g3h4 f6g6 b5c5 f7g5 b3c2 g6h5 h4g3 h5g4 g3d6 g4f3 c5d4 g5e6 d4e5 e6f4 c2e4 f3g4 d6c7 g4g5 e4c2 f4g6 e5d5 g6f4 d5e4 f4h5 e4e5 h5f4 c7d8 g5g4 e5e4 f4g6 c2d1 g4g3 e4e3 g3h3 d1e2 h3g3 d8f6 g3h3 e2b5 h3g4 b5d7 g4h5 d7e8 h5h6 e3e4 g6f8 e4f5 f8h7 f6b2 h7f8 f5f6 f8h7 f6f7 h6g5 f7g7 h7f6 b2f6 g5f5 e8f7 f5e4 g7g6 e4e3 f7d5 e3d2 d5c4 d2c1 f6c3 c1b1 c3b4 b1a1 b4a3 a1b1 c4b3 b1a1 g6f5 a1b1 f5e4 b1a1 b3c4 a1b1 e4d3 b1a1 d3c3 a1b1 c3b3 b1a1 a3b2 a1b1 c4d3 
KBBPPK,B20v00,3092810979,546430662,2441665510,4272894,0,1220832755,2136447,0,304951332,1B6/8/8/8/8/P1Bk1K2/P7/8 w - - ,49,a3a4 d3c4 c3d4 c4d4 a4a5 d4d5 a5a6 d5c6 f3e4 c6b6 e4d5 b6a6 d5c6 a6a5 c6b7 a5a4 b8d6 a4b5 a2a3 b5a5 d6c5 a5b5 c5b4 b5a4 b7a6 a4b3 a6b5 b3b2 a3a4 b2c1 a4a5 c1d1 a5a6 d1e2 a6a7 e2f3 a7a8q f3e3 b4e1 e3f4 a8d5 f4e3 b5c4 e3f4 c4d3 f4g4 d5e5 g4f3 e5g3 
KBBPPK,B11v00,3092810979,546430662,2391335438,1750,0,1195667719,875,0,369221851,8/2B5/8/8/B7/k1P5/2P5/K7 w - - ,31,c3c4 a3a4 c4c5 a4b4 c7b6 b4b5 c2c3 b5c6 a1a2 c6b5 a2b3 b5c6 b3c4 c6d7 c4d5 d7e7 c5c6 e7f6 c6c7 f6f5 c7c8q f5f4 c8h3 f4g5 b6d4 g5g6 d5e6 g6g5 d4e3 g5g6 h3h6 
KPPKBB,B00v20,3197807670,1066702033,881110408,2265692472,148310,440555204,1132846236,74155,0,1b6/P7/k7/8/1P6/6K1/8/6b1 w - - ,85,a7b8r g1b6 g3g4 b6c7 b8c8 a6b7 c8g8 b7b6 g8g7 c7d8 g7d7 d8c7 b4b5 c7h2 d7d2 h2g1 d2d1 g1h2 d1b1 h2c7 g4f5 c7d8 f5e6 b6c5 e6d7 d8a5 b1b3 c5b6 d7d6 a5e1 d6d5 e1f2 b3b2 f2g1 d5c4 g1e3 b2a2 e3g1 a2e2 b6b7 c4b4 g1d4 e2e4 d4g1 e4e7 b7b6 e7e6 b6c7 b4a5 g1h2 e6g6 h2f4 b5b6 c7d7 a5a6 f4b8 a6b7 b8h2 b7a8 d7e7 b6b7 e7f7 g6a6 f7e7 b7b8q h2b8 a8b8 e7d7 a6b6 d7e8 b6b7 e8f8 b7a7 f8g8 b8c8 g8h8 c8d8 h8g8 d8e8 g8h8 e8f7 h8h7 a7a6 h7h8 a6h6 
KPPKBB,B00v11,3197807670,1066702033,796298690,733619716,1718745744,398149345,366809858,859372872,0,8/2K5/1P3P2/3k4/8/8/8/bb6 w - - ,173,f6f7 a1e5 c7d8 e5f6 d8c8 b1f5 c8b8 f6e5 b8a7 e5d6 b6b7 d6c5 a7a6 f5d3 a6a5 c5d6 f7f8q d6f8 b7b8q f8c5 b8b2 d3c4 b2c3 c5d4 c3f3 d5e5 f3g3 e5e4 g3h4 e4e3 h4e7 e3d3 a5b4 c4d5 e7e1 d5f3 e1h4 d3e3 b4c4 f3e2 c4d5 e2f3 d5e6 f3e4 h4g3 e3d2 g3f4 d2d3 e6d6 d4c3 f4g3 d3d2 g3g1 e4d3 d6c5 d2c2 g1e3 c3b2 c5b4 b2c3 b4a3 c3b2 a3a4 b2c3 e3c5 d3e4 c5c4 e4f3 c4f1 f3d1 f1g2 c2d3 a4b5 d1e2 b5c5 e2d1 g2g3 d3d2 c5d5 d1b3 d5e4 b3c2 e4f4 c3d4 g3a3 c2d3 a3b4 d4c3 b4b3 c3d4 f4f3 d4c3 b3a4 d3b1 f3f2 b1c2 a4c4 c2d3 c4a2 d3c2 f2f3 d2d3 a2a6 d3d4 f3e2 c3b4 a6a7 b4c5 a7a1 d4c4 a1a2 c2b3 a2b1 c5b6 b1b2 b6c5 b2e5 b3c2 e2d2 c2a4 e5c3 c4b5 d2d3 b5c6 c3f6 c5d6 d3d4 a4b5 f6f5 b5a6 f5c2 c6b5 d4d5 d6b4 c2c6 b5a5 d5d4 a6f1 c6c7 a5a6 d4d5 f1d3 c7e5 d3b5 e5a1 a6b6 a1d4 b6a5 d4a7 b5a6 d5c6 b4f8 a7b6 a5a4 b6a6 a4b4 a6d3 f8h6 d3d4 b4b3 c6b5 h6c1 d4d3 b3b2 b5b4 c1e3 d3e2 e3d2 e2d2 b2a1 b4a3 a1b1 d2d1 
KBBKPP,B20v00,3271423410,821137247,418948,2376113656,223010164,209474,1188056828,111505082,421508196,7k/7p/6pB/6B1/8/8/7K/8 w - - ,23,h2g3 h8g8 g3f4 g8f7 f4e5 f7e8 e5d6 e8f7 d6d7 f7g8 d7e6 g8h8 g5c1 h8g8 e6f6 g6g5 c1g5 g8h8 g5c1 h8g8 c1b2 g8h8 f6f7 
KBBKPP,B11v00,3271423410,821137247,2266542604,181514640,95387032,1133271302,90757320,47693516,278421692,B7/B7/8/5p2/8/2p5/1K1k4/8 w - - ,207,b2b3 c3c2 a7b8 c2c1n b3c4 d2e3 a8g2 f5f4 b8a7 e3e2 g2h3 f4f3 h3g4 c1d3 c4d5 d3f2 g4h5 f2h1 d5e5 h1g3 h5g4 g3f1 e5f4 f1d2 g4h5 e2e1 f4g3 e1e2 a7b6 d2f1 g3f4 f1d2 b6a5 e2d3 f4g3 d3e3 h5e8 d2e4 g3h2 e4d2 a5b6 e3f4 b6c5 d2f1 h2g1 f1d2 c5f8 d2e4 e8c6 e4f6 c6b7 f6e4 f8h6 f4f5 h6c1 f3f2 g1f1 e4c5 b7h1 c5d3 c1e3 f5e5 h1a8 e5f5 f1e2 f5e5 e3b6 f2f1q e2f1 d3b4 b6g1 b4a2 f1e1 a2c3 e1d2 c3d5 d2d3 d5f4 d3c4 f4e2 g1h2 e2f4 a8f3 e5f5 f3d1 f5e4 d1c2 e4f3 h2g1 f4g2 c4d4 g2f4 c2d1 f3g3 d4c4 f4g2 g1b6 g2e1 c4d4 e1g2 d4e4 g2e1 e4e3 e1g2 e3d2 g3f4 d2e2 f4f5 d1c2 f5e6 c2b3 e6f5 e2f3 g2h4 f3f2 h4g6 b3c2 f5f6 b6d8 f6f7 f2e3 g6e7 c2b3 f7e8 d8c7 e8d7 c7f4 d7c6 e3d4 e7f5 d4e5 f5d6 b3d5 c6d7 f4g3 d7e7 d5b3 d6f7 e5e4 f7d6 e4d5 d6e8 d5e5 e8d6 g3h4 e7d7 e5d5 d6f7 b3a4 d7c7 d5c5 c7c8 a4d1 c8d7 d1e2 f7e5 c5d5 e5f7 e2g4 d7e8 g4h5 e8f8 h4f6 f7h6 d5e6 h6g8 f6b2 g8h6 e6f6 h6g8 f6g6 f8e7 g6g7 g8f6 b2f6 e7e6 h5g6 e6d5 g7f7 d5d6 g6d3 d6d5 f7e7 d5c6 e7e6 c6c5 f6c3 c5c6 c3d4 c6c7 d3b5 c7d8 d4b6 d8c8 b5a6 c8b8 e6d5 b8a8 b6g1 a8b8 d5c6 b8a8 c6b6 a8b8 g1h2 b8a8 a6b7 
KKBBPP,B00v20,3384898440,893815886,0,33027218,3298145990,0,16513609,1649072995,0,,,
KKBBPP,B00v11,3384898440,893815886,0,8078394,3430545278,0,4039197,1715272639,0,,,
KBNPKB,B10v10,16186826174,7213960989,13468016884,540420406,51552,6734008442,270210203,25776,968197797,8/8/8/8/7b/8/1K1k1P2/N5B1 w - - ,139,a1b3 d2e2 b3d4 e2d3 d4e6 h4f6 b2c1 d3e4 g1h2 f6h4 f2f4 e4f3 e6d4 f3e4 d4e2 e4e3 e2g1 h4e7 c1d1 e7h4 g1h3 h4e7 d1e1 e7d6 e1f1 e3f3 h3g1 f3g4 g1e2 g4f3 h2g3 d6c7 f1e1 c7a5 e1d1 a5c7 d1d2 f3e4 d2e1 e4f3 e1f1 f3g4 f1g2 c7d6 g2f2 d6c5 f2f1 c5d6 f1g2 d6c7 g3h2 c7d6 g2f2 d6c5 f2e1 c5e3 h2g3 g4f3 e1d1 f3e4 d1c2 e3c5 g3e1 e4e3 e2c1 e3e4 e1d2 c5a3 c1e2 a3d6 d2c1 d6b8 c2b3 b8d6 b3c4 d6b8 e2c3 e4f5 c3d5 f5e4 c4c5 e4f5 c5d4 b8a7 d4d3 a7b8 d3e3 b8d6 e3f3 f5e6 d5b6 d6c7 c1e3 e6f5 b6c4 c7b8 e3c1 b8f4 c1f4 f5e6 c4b6 e6f5 f4h2 f5g5 h2g3 g5f5 g3f4 f5g6 f3g4 g6f6 f4g3 f6e6 g4g5 e6f7 g5f5 f7g8 b6c4 g8f7 g3h4 f7e8 f5e6 e8f8 h4f6 f8g8 e6f5 g8f7 c4d6 f7g8 f5g6 g8f8 f6h4 f8g8 h4e7 g8h8 d6f5 h8g8 f5h6 g8h8 e7f6 
KBNPKB,B10v01,16186826174,7213960989,13591345844,700982432,450132,6795672922,350491216,225066,1067994752,8/1K5N/6b1/8/4k3/6P1/7B/8 w - - ,133,h7g5 e4f5 g5h3 f5g4 h3g1 g6f7 b7b6 g4f5 b6c5 f5e4 g1h3 f7b3 h3g5 e4f5 c5b4 b3c2 b4c3 c2a4 g5f3 a4d1 f3d4 f5g4 c3d2 d1a4 d4e2 a4b5 e2g1 b5f1 d2e1 f1g2 g1e2 g2f3 e2c1 f3g2 e1f2 g2e4 h2g1 e4h1 c1d3 h1e4 d3e5 g4f5 e5c4 f5g4 f2e3 e4d5 c4b6 d5h1 g1f2 h1g2 b6c4 g2f1 c4e5 g4f5 e5f3 f1a6 f3h2 a6b7 g3g4 f5g5 f2e1 b7d5 e1d2 d5a2 e3f3 g5g6 f3f4 a2b1 h2f3 b1c2 f3e5 g6f6 g4g5 f6e7 d2a5 c2b1 g5g6 b1g6 e5g6 e7d6 g6e5 d6c5 a5c7 c5b4 e5d7 b4b5 d7b8 b5c4 c7b6 c4d5 f4f5 d5d6 f5e4 d6e6 b6c7 e6f6 b8a6 f6g5 a6c5 g5g4 c5e6 g4h3 e4f3 h3h4 c7g3 h4h5 f3f4 h5g6 e6c7 g6f6 g3h4 f6g6 h4d8 g6h7 f4f5 h7g7 c7e8 g7f7 e8d6 f7g7 d8g5 g7g8 g5h6 g8h7 f5g5 h7h8 g5g6 h8g8 d6e4 g8h8 h6g7 h8g8 e4f6 
KQBPKB,B10v10,15787021288,2553145756,10225031444,3061640,20336,5112515722,1530820,10168,2660780760,8/8/8/8/5P2/2Q3K1/8/4b1Bk w - - ,101,g3h3 e1c3 g1c5 c3d4 c5d6 d4c5 d6e5 c5g1 f4f5 g1d4 e5h2 d4a1 h2d6 a1b2 h3g3 b2f6 d6c7 f6a1 g3f3 a1f6 c7f4 h1g1 f4d6 f6d8 d6e5 g1f1 e5g7 d8a5 g7f8 a5c3 f8d6 c3f6 f3e4 f1e2 e4d5 e2f3 d5e6 f6g7 d6e5 g7h6 f5f6 f3g4 e5b2 g4h5 e6f5 h6g5 f6f7 g5e7 b2c1 e7b4 c1f4 b4e7 f5e6 e7f8 e6f6 h5g4 f4c1 g4h5 c1d2 h5g4 f6g6 f8a3 d2c3 a3c5 c3g7 c5a3 g6h7 a3b4 h7g8 g4f5 g7f8 b4d2 f8a3 d2h6 a3b2 f5g6 b2a1 g6f5 a1g7 h6c1 f7f8q f5e4 g7h6 c1b2 f8b4 b2d4 h6g7 e4f4 g7d4 f4e4 d4c5 e4d3 b4d4 d3c2 c5a3 c2b3 d4c5 b3a2 c5c3 a2b1 c3b2 
KQBPKB,B10v01,15787021288,2553145756,10437300020,8436876,178724,5218650010,4218438,89362,2789226008,K7/3Q4/kPb5/8/8/8/8/4B3 w - - ,67,b6b7 c6d7 b7b8n a6b6 b8d7 b6c6 d7e5 c6c5 e5g4 c5d4 a8b7 d4d3 g4h2 d3e2 e1g3 e2e3 b7b6 e3d4 b6c6 d4e4 c6c5 e4d3 c5d5 d3e3 g3h4 e3f4 h4f2 f4f5 f2g3 f5f6 h2f1 f6e7 f1e3 e7e8 d5d6 e8d8 e3d5 d8c8 d6c6 c8d8 g3c7 d8e8 c6d6 e8f7 c7d8 f7g6 d6e6 g6h5 e6f5 h5h6 d8f6 h6h7 f5e6 h7g6 d5f4 g6h7 e6f7 h7h6 f6h4 h6h7 h4g5 h7h8 f4e6 h8h7 e6f8 h7h8 g5f6 
KBPPKB,B10v10,6289527204,2216333363,5210729536,312999810,42636,2605364768,156499905,21318,335410163,8/8/8/8/1k6/2b4K/P1P4B/8 w - - ,159,h2d6 b4c4 h3g4 c4d5 d6a3 d5e4 a3c5 c3a5 c5f2 a5d2 g4g3 d2f4 g3g2 f4c7 f2e1 c7e5 g2f2 e5f6 e1d2 f6h4 f2e2 e4d4 e2f3 h4f6 f3f4 f6e5 f4f5 d4d5 d2g5 e5c3 g5f6 c3e1 f6a1 e1h4 a1c3 h4e7 f5f4 e7c5 c3d2 c5g1 f4f3 g1d4 d2e1 d4g1 e1f2 g1h2 f3e3 d5c4 f2e1 h2g1 e3e4 g1d4 e1g3 d4g1 g3e5 g1f2 e5b2 f2g3 e4f5 c4d5 f5f6 g3h4 f6f7 d5d6 b2f6 h4e1 f7e8 e1a5 f6h4 a5d2 e8d8 d6c6 h4f6 d2e1 f6e7 e1d2 d8c8 c6b5 c8d7 d2f4 d7e6 b5c6 e6f5 f4e3 e7g5 e3g1 f5e4 g1f2 g5d2 f2g1 a2a4 g1f2 e4d3 f2h4 d2b4 h4f2 d3c4 f2g1 a4a5 g1f2 a5a6 f2g1 b4c3 g1f2 c3d4 f2e1 c4b3 e1d2 c2c4 d2f4 c4c5 f4b8 b3b4 b8a7 b4c4 a7b8 d4f6 b8a7 f6e7 a7b6 c4b4 b6c7 e7d6 c7d8 b4b3 d8h4 d6b8 h4d8 b3a4 d8b6 a6a7 b6a7 b8a7 c6b7 a7b6 b7c6 a4a3 c6b5 a3b3 b5c6 b3c4 c6d7 c4d5 d7e7 c5c6 e7f6 c6c7 f6f5 c7c8q f5f4 b6a5 f4f3 c8h3 f3e2 a5b4 e2d1 h3d3 d1c1 b4a3 
KBPPKB,B10v01,6289527204,2216333363,4171965696,1467724124,311518,2085982848,733862062,155759,372230381,8/8/k1K5/8/1P6/B7/4P3/7b w - - ,163,c6c5 a6b7 b4b5 b7c7 c5d4 c7b6 d4c4 h1g2 a3c5 b6b7 c4d3 g2h3 d3e4 h3g2 e4f4 g2f1 f4f3 f1h3 c5g1 b7c7 b5b6 c7d6 g1h2 d6c6 h2c7 h3c8 f3e4 c6d7 e4f5 d7e7 f5g6 c8b7 c7h2 b7e4 g6g7 e4h1 h2g1 h1c6 g1f2 c6h1 f2h4 e7e6 g7f8 h1c6 h4e7 e6d7 f8f7 c6d5 f7f6 d5b7 e7c5 d7c6 c5g1 c6d6 g1f2 b7g2 f2d4 g2c6 f6f7 d6d5 d4g1 d5d6 g1f2 d6d7 f2g3 c6b7 g3c7 b7h1 f7f6 h1b7 f6f5 d7e7 c7h2 b7a6 h2g1 a6c8 f5e5 c8b7 g1d4 b7c6 d4c5 e7d8 c5f2 d8d7 e5f5 c6b7 e2e4 d7e7 e4e5 b7c8 f5g6 e7e6 f2d4 c8b7 g6g7 b7d5 d4b2 e6e7 b2a3 e7e6 a3d6 d5h1 g7f8 e6d7 f8f7 h1d5 f7f6 d7c6 d6c7 c6d7 f6f5 d5e6 f5g6 e6a2 c7d6 a2d5 g6f5 d7c6 d6c7 c6d7 f5f6 d5a2 c7d6 d7c6 d6c5 a2b3 e5e6 b3d1 e6e7 d1h5 f6g7 c6d7 c5b4 h5e8 b4a5 d7c8 g7f8 e8a4 e7e8q a4e8 f8e8 c8b8 a5e1 b8c8 e1f2 c8b7 e8d7 b7a6 d7c6 a6a5 b6b7 a5b4 b7b8q b4c3 b8b1 c3d2 c6d5 d2e2 f2h4 e2e3 b1c2 e3f4 c2e4 
KRBPKB,B10v10,16637490240,4167659794,12238746422,34637962,30928,6119373211,17318981,15464,2057439575,8/8/8/4b3/8/4B1R1/4P2K/5k2 w - - ,139,e3f4 e5f4 e2e3 f4d6 h2h3 f1f2 g3g6 d6b8 e3e4 f2e3 g6e6 e3f3 e6b6 b8f4 b6b4 f4e5 h3h4 e5d6 b4c4 f3f4 h4h5 d6e5 h5g6 e5b2 c4b4 b2a1 g6f7 f4e5 b4b1 a1c3 b1c1 c3d2 c1c4 d2f4 c4a4 f4d2 f7g6 d2c1 g6h5 e5f4 a4b4 c1a3 b4c4 a3b2 h5g6 b2a1 g6f7 f4e5 c4c1 a1b2 c1e1 b2d4 f7e7 d4c3 e1e3 c3b4 e7d7 b4d2 e3e2 d2f4 d7e7 f4c1 e7f7 c1g5 f7g6 g5d8 g6h5 e5f4 e4e5 f4f5 e5e6 d8e7 e2e1 f5f6 h5g4 e7a3 e1e4 a3d6 g4f3 d6c5 f3e2 c5f8 e4f4 f6e7 f4f7 e7e8 e2d3 f8a3 d3c4 a3c1 f7c7 c1d2 c4d5 d2a5 c7c2 e8e7 c2g2 a5c3 g2a2 e7e8 a2c2 c3a5 c2b2 a5c7 b2b4 c7h2 b4g4 e8d8 g4g7 h2f4 e6e7 d8d7 g7g4 f4d2 g4e4 d7e8 d5e6 d2b4 e4c4 b4c5 c4c1 c5e7 c1c8 e7d8 c8a8 e8f8 a8d8 f8g7 d8d5 g7g6 e6e7 g6g7 d5d6 g7h8 d6g6 h8h7 e7f7 h7h8 g6h6 
KRBPKB,B10v01,16637490240,4167659794,12424506068,93309092,258176,6212253034,46654546,129088,2184306341,b7/8/8/8/8/2k5/4P1K1/6BR w - - ,141,g2h2 c3d2 g1e3 d2e3 h1a1 a8c6 a1a6 c6d5 a6a5 d5c4 a5e5 e3f2 e2e4 f2e3 e5c5 c4g8 c5c8 g8f7 c8c7 f7g8 c7g7 g8c4 g7g4 c4e2 g4g2 e2c4 e4e5 e3f4 g2c2 c4d3 c2d2 d3f5 d2e2 f5e6 e2e1 f4f3 h2g1 f3f4 g1f2 f4f5 f2g3 e6a2 g3h4 a2b3 h4h5 b3a2 h5h6 a2b3 h6g7 b3c4 g7f8 f5e6 f8e8 c4d3 e8d8 d3f5 e1e3 f5g4 d8e8 g4d1 e8f8 d1c2 f8g7 c2b1 g7h6 b1a2 h6g5 a2b1 g5f4 b1a2 e3e1 a2b3 e1c1 b3a4 f4e4 a4b5 e4d4 b5e2 c1c6 e6d7 c6d6 d7e7 d4e4 e2g4 d6a6 g4d1 a6a1 d1c2 e4d4 c2b3 a1b1 b3f7 b1b7 e7e6 b7b6 e6e7 d4e4 f7c4 b6b2 c4g8 b2b7 e7e6 e4f4 g8f7 b7b6 e6d5 b6a6 f7h5 e5e6 h5g6 e6e7 g6f7 a6a8 d5e6 e7e8q f7e8 a8e8 e6d5 e8e4 d5d6 e4e5 d6d7 e5d5 d7c6 f4e5 c6c7 d5d6 c7c8 e5e6 c8c7 e6e7 c7c8 d6d7 c8b8 e7d8 b8a8 d8c7 a8a7 d7d6 a7a8 d6a6 
KBKBBP,B10v20,8769939360,2307296138,31452,2148097936,1666863616,15726,1074048968,833431808,150787600,8/8/8/8/8/8/p6B/k1K1b1b1 w - - ,5,h2e5 g1d4 e5d4 e1c3 d4c3 
KBKBBP,B10v02,8769939360,2307296138,943868,3617956450,358739186,471934,1808978225,179369593,199076376,8/8/8/8/8/8/p1b5/kbBK4 w - - ,7,d1d2 c2d1 c1a3 b1c2 d2c1 d1e2 a3b2 
KBKBBP,B10v11,8769939360,2307296138,513320,3008354924,5041478448,256660,1504177462,2520739224,358196464,8/8/8/8/8/1p6/b7/k1K1b1B1 w - - ,5,g1d4 e1c3 d4c3 b3b2 c3b2 
KBBPKP,B20v00,6407315364,1819193751,4703532250,261384090,107078598,2351766125,130692045,53539299,732286919,8/8/K6P/6B1/8/4B3/1p4k1/8 w - - ,193,h6h7 b2b1q h7h8q b1a2 a6b5 a2b3 b5c5 b3a3 c5d5 a3b3 d5d6 b3d3 d6c6 d3e4 c6c5 e4c2 c5b4 c2b1 b4a3 b1d3 a3b2 d3b5 b2c1 b5c4 c1d1 c4b3 d1e1 b3b4 e3d2 b4b1 d2c1 b1b4 g5d2 b4e4 d2e3 e4b4 e1d1 b4a4 d1d2 a4a5 d2d3 a5d5 d3c3 d5a5 c3c4 a5a4 c4d5 a4a2 d5d6 a2a6 d6e7 a6b7 e7f6 b7a6 f6g5 a6b5 g5h4 b5b4 e3f4 b4e7 h4h5 e7e2 h5g5 e2e7 g5f5 e7f7 f5e5 f7c7 e5d4 c7d7 d4c4 d7a4 c4d3 a4d7 d3e2 d7b5 e2d2 b5b4 d2d1 b4b3 d1e1 b3b4 c1d2 b4b1 e1e2 b1e4 f4e3 e4c4 e2d1 c4b3 d1c1 b3a3 c1c2 a3a2 c2d3 a2a6 d3d4 a6d6 d4c4 d6e6 c4c5 e6e7 c5d5 e7d7 d5e5 d7c7 e5f5 c7d7 f5g5 d7e7 g5h5 e7f7 h5h4 f7e7 e3g5 e7e4 g5f4 e4e7 h4h5 e7e2 h5g5 e2e7 g5f5 e7f7 f5e5 f7e7 e5d5 e7d7 f4d6 d7a4 d2f4 a4a2 d5c6 a2a4 c6b6 a4b3 b6c7 b3c4 c7d8 c4d5 d8e7 d5e4 e7f6 e4d4 d6e5 d4d5 h8h2 g2f1 h2h3 f1e2 h3e3 e2f1 e5c7 d5h5 e3e6 h5h8 f6g5 h8g7 g5h5 g7h7 h5g4 h7d3 f4e3 d3c2 c7g3 c2d1 g4h4 d1d3 g3f4 d3h7 f4h6 h7c2 e6a6 c2e2 a6f6 f1e1 e3d2 e2d2 h6d2 e1d2 f6c6 d2e3 c6c4 e3d2 h4g3 d2e3 c4d5 e3e2 d5d4 e2e1 g3f3 e1f1 d4a1 
KBBPKP,B11v00,6407315364,1819193751,4923003714,32777706,5039008,2461501857,16388853,2519504,658620762,8/8/2B5/8/8/8/1Pkp4/B3K3 w - - ,147,e1f2 d2d1n f2e1 d1b2 c6e4 c2b3 e4b1 b3c3 e1e2 c3b3 e2d2 b2c4 d2c1 c4d6 a1b2 d6c4 b2d4 c4a5 d4g7 a5c4 b1e4 c4a5 e4f3 b3c4 c1c2 c4c5 c2d3 a5c6 g7f8 c5b6 f8d6 b6b5 d3e4 b5a6 d6h2 a6b6 e4d5 c6a5 h2g3 a5b7 f3e4 b7a5 g3f2 b6c7 d5e6 a5b7 e6e7 b7a5 f2g3 c7b6 e7d7 b6c5 g3f2 c5c4 e4g6 a5b3 g6f7 c4c3 f2e1 c3c2 d7d6 b3d2 f7g6 c2d1 e1f2 d1e2 f2c5 e2f3 d6e5 d2c4 e5d4 c4e3 g6e4 f3e2 c5b6 e2d2 e4g6 e3c2 d4d5 c2e3 d5e4 e3d1 e4d4 d1e3 b6a5 d2e2 d4e4 e3c2 g6h5 e2f2 e4f4 f2f1 a5b6 f1e1 f4e4 e1d2 b6a5 d2c1 a5c3 c2a3 e4d3 a3b1 c3g7 b1a3 h5e8 a3b1 e8a4 b1a3 d3c3 a3b1 c3b3 c1d1 b3a2 d1e2 a2b1 e2d3 a4b3 d3e4 b1c2 e4f5 c2d3 f5g6 g7e5 g6f5 e5d6 f5g6 d3e4 g6g5 d6e7 g5g4 b3d1 g4g3 e4e3 g3g2 d1e2 g2g1 e3f3 g1h2 e2f1 h2g1 f3e2 g1h2 e2f2 h2h1 f1g2 h1h2 e7d6 
KPKBBP,B00v20,6625690560,2921933121,651473154,1129043086,4723546328,325736577,564521543,2361773164,8168904,8/b7/7P/8/k4p2/3K4/7b/8 w - - ,149,h6h7 f4f3 h7h8q f3f2 h8h4 a4a5 h4d8 a5b4 d8e7 b4b5 e7d7 b5b6 d3e2 h2g1 e2f1 a7b8 d7e6 b6b7 e6b3 b7c7 b3b2 c7c8 b2b5 c8c7 b5e8 b8a7 e8e7 c7b6 e7d6 b6a5 d6d5 a5b6 d5a8 b6a6 a8c6 a6a5 c6c4 a5b6 f1g2 b6b7 c4a4 a7e3 a4b5 b7c7 g2f3 e3d2 f3e4 c7d6 b5d3 d6e7 d3e2 d2e1 e4d5 e7f6 e2f3 f6g5 d5e4 g1h2 f3f5 g5h4 e4d3 h2d6 d3e2 d6b4 f5g6 b4d2 g6g2 h4h5 e2f3 d2g5 f3e4 h5g6 e4d5 g6f7 g2f3 g5f6 f3f4 f7g6 d5e6 f6b2 f4g3 g6h7 g3g2 h7h6 e6f5 h6h7 g2g6 h7h8 g6e8 h8g7 e8e7 g7h6 e7f8 h6h5 f8f7 h5h4 f7h7 h4g3 h7h1 b2c1 f5e4 c1f4 h1f3 g3h2 e4d3 f4g3 d3e2 h2h3 e2f1 h3h4 f1g2 g3c7 f3e4 h4h5 e4h7 h5g5 h7c7 g5f6 c7c4 f6f5 g2f3 f5e5 f3e3 e5f6 c4f4 f6e7 e3e4 e7e8 f4f5 e1b4 f5f2 e8e7 f2b2 b4e1 b2e5 e7d7 e4d5 e1b4 e5e6 d7c7 e6c6 c7b8 c6b6 b8c8 d5c6 b4a5 b6a7 a5e1 a7c7 
KPKBBP,B00v11,6625690560,2921933121,371817722,405996788,5934755576,185908861,202998394,2967377788,9205329,8/3k1P2/8/8/2p5/2b5/8/3b3K w - - ,309,f7f8q d1e2 f8f5 d7d6 f5c2 e2f3 h1g1 c3d4 g1f1 f3d5 c2g6 d6c5 g6g5 c5c6 g5h6 c6c5 h6f8 c5c6 f8a8 c6d6 a8a3 d6c7 a3a5 c7d6 a5b4 d6c6 b4a4 c6d6 f1e2 d4b6 a4b5 b6d4 e2d2 d5e6 b5g5 e6d5 g5f4 d6c5 f4f8 c5c6 f8d8 c6c5 d8e7 c5c6 d2c2 d4b6 e7e8 c6d6 e8b8 d6c5 b8f8 c5c6 f8c8 c6d6 c2c3 b6a5 c3b2 a5b6 c8f8 d6c6 f8f6 c6b7 f6e7 b7c6 e7e5 b6c7 e5f5 c7a5 b2a3 a5c3 a3a4 c3d4 f5f4 c6c5 f4f8 c5c6 f8e7 c4c3 e7d8 d4e5 a4b4 e5d4 d8h4 d4e5 h4h6 c6d7 b4c5 d5f7 h6g5 d7e6 c5c4 e5f6 g5g4 e6d6 c4d3 f7e8 g4f5 d6e7 f5e4 e7f8 e4h7 e8f7 d3e3 f7b3 h7g6 f8e7 g6e4 b3e6 e3f4 e7d7 e4e3 d7d6 e3b6 d6e7 b6c5 e7e8 c5c7 e8f8 f4e4 f6g7 c7c5 f8g8 e4f4 g7f6 c5b6 g8f7 b6d6 e6b3 d6d7 f7g6 d7d3 g6f7 f4g4 b3e6 g4h5 f7e7 h5h6 e6d7 h6g6 d7e8 g6h7 e8c6 d3f5 e7f7 h7h6 c6e8 f5e4 f6g7 h6h7 g7f6 e4c4 f7e7 h7g8 e8g6 c4b4 e7e6 b4g4 g6f5 g4c4 e6d6 c4a6 d6e7 a6a7 e7d6 a7b6 d6e7 b6c5 e7e6 c5c8 e6e5 c8c3 e5e6 c3b3 e6d6 b3b6 d6e7 b6e3 f5e6 g8h7 e7d6 e3d3 d6e7 d3a3 e7d7 h7g6 f6e7 a3a6 e7c5 a6d3 d7c7 g6f6 e6d7 f6e5 d7c6 d3a6 c6b7 a6a5 c7c6 a5d8 c6b5 d8b8 b5b6 e5f6 b6c6 f6e6 c5b4 b8e8 c6b6 e8d8 b6b5 d8d3 b5b6 d3b1 b6c5 b1b3 b7c6 e6e5 b4a5 b3c2 c5b5 c2d3 b5c5 d3d6 c5b5 e5d4 a5b6 d4c3 b6c5 d6e5 c6b7 e5e6 c5b4 c3b3 b4c5 e6e2 b5b6 e2e5 b6b5 e5b8 b5c6 b3a4 c5d6 b8e8 c6c7 e8f7 c7c6 f7g7 c6b6 g7g1 b6c7 g1a7 c7c6 a7d4 b7c8 d4c3 c6b7 a4a5 d6c7 a5b5 c8d7 b5c5 c7b8 c3b2 b7c8 b2b1 d7e8 b1b6 b8c7 b6a6 c8d7 a6c6 d7d8 c6e6 e8d7 e6f6 d8c8 f6f8 c8b7 f8f3 b7b8 f3g2 b8c8 g2a8 c7b8 c5b6 d7h3 a8d5 h3g2 d5g2 c8d7 g2c6 d7e7 b6c5 b8h2 c5d5 e7f7 c6e6 f7g7 e6f5 h2g1 d5e6 g1e3 f5g4 e3g5 g4g5 g7h8 e6f6 h8h7 g5g7 
KQKBBP,B00v20,8252784300,2868076274,5354261882,507593142,176746492,2677130941,253796571,88373246,1041619717,8/8/8/8/3K1k2/7Q/2p2b2/b7 w - - ,157,d4d3 c2c1n d3d2 a1b2 h3h2 f4f3 h2h5 f3g3 h5g6 g3h4 g6f7 h4g3 f7g8 g3h4 g8b8 f2d4 b8f4 h4h3 f4f3 h3h4 d2e1 h4g5 e1f1 d4e5 f1g2 e5f4 f3d5 b2e5 g2f3 g5f6 d5d1 f6g5 f3e4 g5h4 d1e1 h4g5 e1g1 g5f6 g1d1 e5d6 d1c2 f6g5 c2g2 g5f6 g2h3 d6e5 h3c8 e5d6 c8f5 f6e7 f5b5 e7e6 e4f3 e6f6 f3g4 f4e5 b5f1 e5f4 f1c4 d6c7 c4c2 c7e5 c2c8 e5c7 c8f5 f6e7 f5g6 c7d6 g6c2 e7e6 c2f5 e6e7 f5g6 d6e5 g6a6 e7e8 g4f5 e8d7 a6b6 d7e7 b6c5 e5d6 c5a7 d6c7 a7b7 e7d6 f5f4 c1d3 f4e3 d3c5 b7b1 c5e6 e3e4 e6c5 e4d4 c5e6 d4c4 c7d8 b1b8 d8c7 b8b2 d6d7 c4d5 e6f4 d5e4 f4e6 b2f6 c7d8 f6f5 d7d6 f5e5 d6d7 e4f5 e6c7 e5d4 d7c8 d4d3 d8h4 f5g6 h4e7 g6f7 e7b4 d3g6 b4e1 g6g4 c8b7 g4e4 b7b6 e4e1 b6c5 e1g1 c5c6 g1f2 c7b5 f7e6 b5c7 e6e5 c7b5 f2e3 b5c7 e3h6 c6b5 e5d4 c7a6 h6d6 a6b8 d6c5 b5a6 c5c7 b8d7 c7d7 a6a5 d7b7 a5a4 d4c4 a4a3 b7b3 
KQKBBP,B00v11,8252784300,2868076274,5196236542,766592596,273580522,2598118271,383296298,136790261,1073658995,8/3k4/8/8/2p2Q2/2b5/4b3/7K w - - ,307,f4f5 d7d6 f5c2 e2f3 h1g1 c3d4 g1f1 f3d5 c2g6 d6c5 g6g5 c5c6 g5h6 c6c5 h6f8 c5c6 f8a8 c6d6 a8a3 d6c7 a3a5 c7d6 a5b4 d6c6 b4a4 c6d6 f1e2 d4b6 a4b5 b6d4 e2d2 d5e6 b5g5 e6d5 g5f4 d6c5 f4f8 c5c6 f8d8 c6c5 d8e7 c5c6 d2c2 d4b6 e7e8 c6d6 e8b8 d6c5 b8f8 c5c6 f8c8 c6d6 c2c3 b6a5 c3b2 a5b6 c8f8 d6c6 f8f6 c6b7 f6e7 b7c6 e7e5 b6c7 e5f5 c7a5 b2a3 a5c3 a3a4 c3d4 f5f4 c6c5 f4f8 c5c6 f8e7 c4c3 e7d8 d4e5 a4b4 e5d4 d8h4 d4e5 h4h6 c6d7 b4c5 d5f7 h6g5 d7e6 c5c4 e5f6 g5g4 e6d6 c4d3 f7e8 g4f5 d6e7 f5e4 e7f8 e4h7 e8f7 d3e3 f7b3 h7g6 f8e7 g6e4 b3e6 e3f4 e7d7 e4e3 d7d6 e3b6 d6e7 b6c5 e7e8 c5c7 e8f8 f4e4 f6g7 c7c5 f8g8 e4f4 g7f6 c5b6 g8f7 b6d6 e6b3 d6d7 f7g6 d7d3 g6f7 f4g4 b3e6 g4h5 f7e7 h5h6 e6d7 h6g6 d7e8 g6h7 e8c6 d3f5 e7f7 h7h6 c6e8 f5e4 f6g7 h6h7 g7f6 e4c4 f7e7 h7g8 e8g6 c4b4 e7e6 b4g4 g6f5 g4c4 e6d6 c4a6 d6e7 a6a7 e7d6 a7b6 d6e7 b6c5 e7e6 c5c8 e6e5 c8c3 e5e6 c3b3 e6d6 b3b6 d6e7 b6e3 f5e6 g8h7 e7d6 e3d3 d6e7 d3a3 e7d7 h7g6 f6e7 a3a6 e7c5 a6d3 d7c7 g6f6 e6d7 f6e5 d7c6 d3a6 c6b7 a6a5 c7c6 a5d8 c6b5 d8b8 b5b6 e5f6 b6c6 f6e6 c5b4 b8e8 c6b6 e8d8 b6b5 d8d3 b5b6 d3b1 b6c5 b1b3 b7c6 e6e5 b4a5 b3c2 c5b5 c2d3 b5c5 d3d6 c5b5 e5d4 a5b6 d4c3 b6c5 d6e5 c6b7 e5e6 c5b4 c3b3 b4c5 e6e2 b5b6 e2e5 b6b5 e5b8 b5c6 b3a4 c5d6 b8e8 c6c7 e8f7 c7c6 f7g7 c6b6 g7g1 b6c7 g1a7 c7c6 a7d4 b7c8 d4c3 c6b7 a4a5 d6c7 a5b5 c8d7 b5c5 c7b8 c3b2 b7c8 b2b1 d7e8 b1b6 b8c7 b6a6 c8d7 a6c6 d7d8 c6e6 e8d7 e6f6 d8c8 f6f8 c8b7 f8f3 b7b8 f3g2 b8c8 g2a8 c7b8 c5b6 d7h3 a8d5 h3g2 d5g2 c8d7 g2c6 d7e7 b6c5 b8h2 c5d5 e7f7 c6e6 f7g7 e6f5 h2g1 d5e6 g1e3 f5g4 e3g5 g4g5 g7h8 e6f6 h8h7 g5g7 
KRKBBP,B00v20,8702321820,1797733072,50163206,6360255752,762376546,25081603,3180127876,381188273,695848161,8/7p/8/8/k1K5/8/8/b5bR w - - ,77,h1g1 a1f6 g1f1 f6e5 f1e1 e5f6 e1e6 f6d8 e6d6 d8c7 d6d7 c7b6 d7d1 a4a3 d1b1 b6c7 b1b3 a3a2 c4c3 h7h5 c3c2 c7h2 b3h3 h2g1 h3h1 g1b6 h1b1 b6f2 b1f1 f2c5 f1f5 c5b4 f5f6 h5h4 f6a6 b4a3 a6a4 h4h3 a4h4 a3c5 h4h3 c5g1 h3h1 g1f2 h1f1 f2c5 f1f5 c5b4 f5f6 b4a5 f6a6 a2a3 a6a5 a3b4 a5d5 b4c4 d5d3 c4b5 d3c3 b5b4 c2b2 b4b5 b2a3 b5a6 c3b3 a6a5 b3b1 a5a6 a3a4 a6a7 a4a5 a7a8 a5b6 a8b8 b1c1 b8a8 c1c8 
KRKBBP,B00v11,8702321820,1797733072,63840024,4380570714,2956377014,31920012,2190285357,1478188507,719682031,8/7p/8/8/k1b5/2K5/8/b5R1 w - - ,77,c3c4 a1f6 g1f1 f6e5 f1e1 e5f6 e1e6 f6d8 e6d6 d8c7 d6d7 c7b6 d7d1 a4a3 d1b1 b6c7 b1b3 a3a2 c4c3 h7h5 c3c2 c7h2 b3h3 h2g1 h3h1 g1b6 h1b1 b6f2 b1f1 f2c5 f1f5 c5b4 f5f6 h5h4 f6a6 b4a3 a6a4 h4h3 a4h4 a3c5 h4h3 c5g1 h3h1 g1f2 h1f1 f2c5 f1f5 c5b4 f5f6 b4a5 f6a6 a2a3 a6a5 a3b4 a5d5 b4c4 d5d3 c4b5 d3c3 b5b4 c2b2 b4b5 b2a3 b5a6 c3b3 a6a5 b3b1 a5a6 a3a4 a6a7 a4a5 a7a8 a5b6 a8b8 b1c1 b8a8 c1c8 
KKBBNP,B00v20,9070775640,2609059491,0,46394304,8880432192,0,23197152,4440216096,0,,,
KKBBNP,B00v11,9070775640,2609059491,0,23778814,9190945970,0,11889407,4595472985,0,,,
KBKBPP,B10v10,6655153744,2175036837,189004,2116526108,3742503408,94502,1058263054,1871251704,243019522,8/B7/8/4p3/8/8/p6b/k1K5 w - - ,11,a7b8 h2g3 b8d6 g3h2 d6a3 h2f4 c1c2 f4c1 a3c1 e5e4 c1b2 
KBKBPP,B10v01,6655153744,2175036837,1079364,3372349924,2608638660,539682,1686174962,1304319330,278421692,8/7p/8/8/8/8/6p1/2B1K1kb w - - ,11,c1f4 h7h6 f4g3 h6h5 g3f4 h5h4 f4e5 h4h3 e5g3 h3h2 g3f2 
KKRBBP,B00v20,9070775640,1805448659,0,73484286,8853342210,0,36742143,4426671105,0,,,
KKRBBP,B00v11,9070775640,1805448659,0,55684074,9159040710,0,27842037,4579520355,0,,,
KKQBBP,B00v20,9070775640,1573173200,0,138951926,8787874570,0,69475963,4393937285,0,,,
KKQBBP,B00v11,9070775640,1573173200,0,124540574,9090184210,0,62270287,4545092105,0,,,
KBPKQB,B10v10,17052633120,4457909213,691057104,3232254176,11302705462,345528552,1616127088,5651352731,784961536,qb6/4P3/6k1/8/7K/8/8/2B5 w - - ,115,e7e8q g6f5 e8f7 f5e4 f7c4 e4e5 c4f4 e5e6 f4g4 e6e5 g4g7 e5f5 g7g5 f5e6 g5g6 e6e7 c1g5 e7d7 g6f5 d7d6 f5f6 d6c7 f6e5 c7c8 e5e8 c8c7 g5f4 c7b6 f4e3 b6a5 e8d8 a5a4 d8d4 a4b3 d4d3 b3b4 e3d2 b4c5 d3e3 c5b5 e3b3 b5c5 d2b4 c5d4 b4c3 d4d3 c3a5 d3e2 b3c2 e2e3 a5d2 e3d4 c2c3 d4e4 c3c4 e4f5 c4g4 f5e5 d2c3 e5d6 g4f4 d6e6 f4f6 e6d7 f6f7 d7d6 c3b4 d6e5 f7g7 e5f4 g7g3 f4f5 g3g5 f5e6 g5g6 e6d7 g6f7 d7d8 b4e7 d8c7 e7c5 c7d8 c5b6 d8c8 f7f5 c8b7 f5f3 b7b6 f3a8 b8d6 a8e4 b6b5 h4g4 d6b4 e4c2 b4a3 g4f3 a3c5 f3e4 b5c6 c2c4 c6d6 c4d5 d6e7 d5c5 e7e6 c5e5 e6f7 e4f5 f7g8 e5c7 g8h8 f5f6 h8g8 c7g7 
KBPKQB,B10v01,17052633120,4457909213,306065624,3739268540,11497108998,153032812,1869634270,5748554499,883441632,3k4/6P1/8/K7/5B2/8/4b3/7q w - - ,75,g7g8q d8e7 g8g7 e7e8 g7g6 e8e7 f4g5 e7f8 g6f5 f8g8 f5e6 g8g7 g5f6 g7g6 f6e7 g6g7 e6f6 g7h7 f6f5 h7g7 e7f6 g7f8 f6e5 f8e7 f5f6 e7e8 f6g6 e8e7 e5f6 e7d6 f6h4 d6d5 g6f5 d5d6 f5f8 d6e5 f8g7 e5d6 g7e7 d6c6 e7e6 c6c7 e6b6 c7d7 b6d8 d7e6 d8e7 e6f5 e7f6 f5g4 f6g5 g4f3 g5d5 f3g4 d5h1 e2f3 h1e1 f3d5 h4g3 d5h1 g3d6 h1g2 e1f2 g2f3 a5b4 f3d1 f2f4 g4h5 d6e7 h5g6 f4f6 g6h7 e7f8 d1c2 f6g7 
KBPKRB,B10v10,17052633120,6380877286,1625114932,5964537034,7636364776,812557466,2982268517,3818182388,784961536,8/8/P4B2/8/3K4/6b1/8/k4r2 w - - ,139,a6a7 f1f6 a7a8q a1b2 a8g2 g3f2 d4c4 f6f7 g2h2 f7f3 h2e5 b2c1 e5e2 f3f8 c4b3 f8b8 b3a4 b8a8 a4b5 a8b8 b5a6 b8a8 a6b7 a8f8 e2c4 c1d1 c4g4 d1c1 b7c7 f2a7 g4g5 c1c2 g5g6 c2b3 g6d3 b3b2 c7b7 f8f7 b7a6 f7g7 d3d2 b2b3 a6b5 g7b7 b5a5 b7g7 d2d3 b3b2 d3f3 g7c7 a5b4 a7c5 b4a4 c5a7 f3b3 b2a1 b3d3 a1b2 d3b5 b2c2 b5e2 c2c1 a4b3 c7b7 b3a2 b7d7 e2e1 c1c2 e1a5 d7g7 a5f5 c2d2 f5d5 d2c1 d5d3 g7g2 a2b3 g2f2 d3c3 c1d1 c3a1 d1d2 a1a7 f2f3 b3c4 f3f4 c4d5 d2d3 a7a3 d3e2 a3c1 f4h4 c1c2 e2f3 c2d1 f3f2 d1d3 h4f4 d5e5 f4f8 d3d5 f8f3 d5d2 f2g3 e5e4 f3f1 d2d3 g3g2 d3e2 f1f2 e2g4 g2h2 e4e3 f2f1 g4g5 h2h3 e3e2 f1a1 g5h6 h3g4 h6g7 g4f5 g7a1 f5e6 a1d1 e6f7 d1d6 f7g8 d6c7 g8h8 e2d3 h8g8 d3d4 g8h8 d4e5 h8g8 e5f6 g8h8 c7g7 
KBPKRB,B10v01,17052633120,6380877286,1288690446,4623155464,9630597252,644345223,2311577732,4815298626,883441632,8/5P2/8/Bb5r/8/8/4k3/1K6 w - - ,141,f7f8q b5d3 b1c1 h5a5 f8e8 e2f1 e8d8 a5c5 c1d2 d3f5 d2e3 c5c3 e3f4 f5c2 d8d2 c3c8 f4g3 c8g8 g3h4 g8h8 h4g5 h8g8 g5h6 g8h8 h6g7 h8c8 d2f4 f1e1 f4b4 e1f1 g7f7 c2h7 b4b5 f1f2 b5b6 f2g3 b6e3 g3g2 f7g7 c8c7 g7h6 c7b7 e3e2 g2g3 h6g5 b7g7 g5h5 g7b7 e2e3 g3g2 e3c3 b7f7 h5g4 h7f5 g4h4 f5h7 c3g3 g2f1 g3e3 f1g2 e3g5 g2f2 g5d2 f2f1 h4g3 f7g7 g3h2 g7e7 d2d1 f1f2 d1h5 e7b7 h5c5 f2e2 c5e5 e2f1 e5e3 b7b2 h2g3 b2c2 e3f3 f1e1 f3h1 e1e2 h1h7 c2c3 g3f4 c3c4 f4e5 e2e3 h7h3 e3d2 h3f1 c4a4 f1f2 d2d3 f2e1 d3c2 e1e3 a4c4 e5d5 c4c8 e3e5 c8c3 e5e2 c2c1 d5d4 c3c7 e2e1 c1c2 e1f2 c2b1 f2g3 c7c1 g3b3 b1a1 d4d3 c1h1 b3a4 a1b2 a4d4 b2a3 d4a7 a3b4 a7b7 b4c5 b7h1 c5d6 h1e1 d6d7 d3c4 d7d6 e1e8 d6c7 c4c5 c7b7 e8d7 b7a6 d7e7 a6a5 e7a7 
KBNKBP,B10v10,16643179728,2373354577,3664781612,9753709556,1001723004,1832390806,4876854778,500861502,856126475,8/8/4K3/8/6p1/8/3B3k/N1b5 w - - ,209,d2c1 g4g3 c1f4 h2h3 a1c2 g3g2 f4e3 h3h2 c2e1 g2g1n e6f5 g1e2 f5g4 e2c3 g4f3 h2h3 e3g5 c3b5 e1c2 b5d6 c2e3 d6b5 g5f6 b5c7 e3f5 c7e6 f6e7 h3h2 f3g4 h2g1 e7h4 e6f8 f5e3 f8e6 g4g3 e6c5 g3f3 g1h2 h4e7 c5e6 e3g4 h2h3 g4f2 h3h2 e7f6 e6c5 f6d4 c5e6 d4b6 e6f8 b6c7 h2g1 f2g4 f8e6 c7b6 g1f1 g4e3 f1g1 f3g3 e6f8 b6d4 f8e6 d4a7 e6d8 a7b6 d8c6 g3f3 g1h2 e3g4 h2h1 b6c5 c6d4 f3g3 d4b3 c5e3 b3a5 g3f2 a5c4 e3h6 c4d2 g4f6 d2b3 f6e4 h1h2 e4g5 b3c5 h6f8 c5d3 f2e3 d3b2 f8g7 b2c4 e3f2 c4d6 g7d4 h2h1 f2f3 d6f5 d4f2 f5e7 f2c5 e7d5 g5h3 h1h2 h3f2 d5c3 c5d6 h2g1 f2h3 g1f1 h3f4 c3a2 f4g2 a2c1 g2e3 f1g1 e3f5 g1f1 d6b4 c1d3 f5g3 f1g1 b4c3 d3c1 f3e3 c1b3 g3e2 g1g2 e2f4 g2g3 f4e6 g3g4 e3e4 g4h5 e4d3 b3c1 d3d2 c1a2 c3a5 h5g4 e6c7 g4f3 d2c2 f3e2 c7b5 e2f3 c2b1 f3e3 b1a2 e3e4 b5c3 e4d4 a2b2 d4e5 a5c7 e5d4 b2b3 d4c5 c7e5 c5c6 b3b4 c6b6 c3a4 b6c6 b4c4 c6b7 c4b5 b7a7 a4b6 a7b7 e5h2 b7a7 b5c6 a7a6 h2b8 a6a5 b6d5 a5a4 b8e5 a4b3 d5e3 b3b4 c6b6 b4a4 e5c3 a4b3 c3e1 b3a4 e1d2 a4b3 b6a5 b3a3 d2e1 a3b2 a5a4 b2a2 e3d1 a2a1 a4b3 a1b1 e1d2 b1a1 d2c1 a1b1 c1a3 b1a1 a3b2 a1b1 d1c3 
KBNKBP,B10v01,16643179728,2373354577,1764535772,12218046750,729768678,882267886,6109023375,364884339,954285739,8/8/4b3/5K2/6p1/8/7k/N1B5 w - - ,209,f5e6 g4g3 c1f4 h2h3 a1c2 g3g2 f4e3 h3h2 c2e1 g2g1n e6f5 g1e2 f5g4 e2c3 g4f3 h2h3 e3g5 c3b5 e1c2 b5d6 c2e3 d6b5 g5f6 b5c7 e3f5 c7e6 f6e7 h3h2 f3g4 h2g1 e7h4 e6f8 f5e3 f8e6 g4g3 e6c5 g3f3 g1h2 h4e7 c5e6 e3g4 h2h3 g4f2 h3h2 e7f6 e6c5 f6d4 c5e6 d4b6 e6f8 b6c7 h2g1 f2g4 f8e6 c7b6 g1f1 g4e3 f1g1 f3g3 e6f8 b6d4 f8e6 d4a7 e6d8 a7b6 d8c6 g3f3 g1h2 e3g4 h2h1 b6c5 c6d4 f3g3 d4b3 c5e3 b3a5 g3f2 a5c4 e3h6 c4d2 g4f6 d2b3 f6e4 h1h2 e4g5 b3c5 h6f8 c5d3 f2e3 d3b2 f8g7 b2c4 e3f2 c4d6 g7d4 h2h1 f2f3 d6f5 d4f2 f5e7 f2c5 e7d5 g5h3 h1h2 h3f2 d5c3 c5d6 h2g1 f2h3 g1f1 h3f4 c3a2 f4g2 a2c1 g2e3 f1g1 e3f5 g1f1 d6b4 c1d3 f5g3 f1g1 b4c3 d3c1 f3e3 c1b3 g3e2 g1g2 e2f4 g2g3 f4e6 g3g4 e3e4 g4h5 e4d3 b3c1 d3d2 c1a2 c3a5 h5g4 e6c7 g4f3 d2c2 f3e2 c7b5 e2f3 c2b1 f3e3 b1a2 e3e4 b5c3 e4d4 a2b2 d4e5 a5c7 e5d4 b2b3 d4c5 c7e5 c5c6 b3b4 c6b6 c3a4 b6c6 b4c4 c6b7 c4b5 b7a7 a4b6 a7b7 e5h2 b7a7 b5c6 a7a6 h2b8 a6a5 b6d5 a5a4 b8e5 a4b3 d5e3 b3b4 c6b6 b4a4 e5c3 a4b3 c3e1 b3a4 e1d2 a4b3 b6a5 b3a3 d2e1 a3b2 a5a4 b2a2 e3d1 a2a1 a4b3 a1b1 e1d2 b1a1 d2c1 a1b1 c1a3 b1a1 a3b2 a1b1 d1c3 
KRBKBP,B10v10,17111184720,5403058456,11528108260,1007399416,98156484,5764054130,503699708,49078242,1975991349,5b2/R7/8/B7/8/8/1p2K3/1k6 w - - ,141,e2d3 b1a2 d3c3 b2b1n c3c4 b1a3 c4d5 a2b2 a7f7 f8h6 f7f2 b2b3 f2f3 b3a4 a5b6 a3b1 b6c5 h6g7 f3f1 b1d2 f1f2 g7c3 c5e3 d2b1 d5c4 c3e1 f2b2 b1a3 c4c5 e1c3 b2b7 c3e1 e3c1 e1f2 c5d5 a3b5 c1d2 f2d4 d2e1 d4b2 e1g3 b2c1 d5c4 b5a3 c4d3 a3b5 b7b8 c1g5 b8e8 g5c1 e8c8 c1b2 c8c6 b2g7 c6c4 a4a5 c4c5 a5a4 c5f5 g7b2 g3f4 b5d4 f5e5 d4c6 e5c5 c6b4 d3c4 b4c2 c5c6 c2a3 c4d3 a3b5 c6g6 a4b4 f4d2 b4c5 d2e3 c5b4 g6g5 b2a3 e3f4 a3b2 f4d2 b2c3 d2e3 c3b2 e3c5 b4b3 c5e7 b5d4 g5a5 d4f3 a5b5 b3a2 b5f5 f3e5 d3c2 e5c6 e7c5 b2d4 f5d5 d4c5 d5c5 c6d4 c2c3 d4e2 c3d3 e2f4 d3c2 a2a3 c5e5 f4g6 e5e4 g6h8 c2c3 a3a2 e4e2 a2b1 e2b2 b1c1 b2h2 c1d1 h2h8 d1e2 h8h3 e2f2 h3d3 f2e1 d3d2 e1f1 d2a2 f1e1 c3d3 e1f1 d3e3 f1g1 e3f3 g1h1 f3g3 h1g1 a2a1 
KRBKBP,B10v01,17111184720,5403058456,12059850008,707677422,117510438,6029925004,353838711,58755219,2101924119,8/8/8/8/8/7K/4bkp1/B3R3 w - - ,201,e1b1 g2g1n h3h2 g1f3 h2h1 e2f1 b1b2 f2g3 b2a2 f1c4 a2c2 c4f1 a1c3 f1d3 c2g2 g3f4 c3b2 f3e1 b2c1 f4f3 g2g7 d3c4 g7e7 e1d3 e7e3 f3f2 c1d2 d3c5 e3e5 c5b3 d2h6 f2g3 e5e3 g3g4 e3c3 c4g8 h1g2 g4f5 h6g7 b3d2 c3d3 d2c4 g2g3 c4e5 d3d1 e5c6 g3f3 g8b3 d1b1 b3c2 b1b5 f5e6 b5c5 c2a4 g7b2 e6d6 c5g5 c6e7 f3f4 e7d5 f4e4 a4c2 e4d4 d5f4 b2a3 d6e6 g5b5 e6f6 b5b2 f4e6 d4d5 e6f4 d5d6 c2f5 b2f2 f4d3 f2f1 f6g6 d6d5 f5h3 f1f8 h3f5 a3e7 d3f2 d5e5 f2d3 e5d4 d3f4 f8a8 f5b1 a8a1 b1c2 a1f1 f4h5 e7d8 c2a4 d4e5 a4d7 d8h4 d7a4 f1f5 a4d1 h4d8 d1e2 f5g5 g6f7 d8a5 e2d1 a5c3 d1e2 e5e4 e2d1 e4e3 f7e7 c3h8 e7e6 g5a5 e6d6 a5e5 h5g3 e3f2 g3h5 e5e4 d1b3 e4b4 b3f7 f2f3 d6e6 b4b5 e6e7 b5b7 e7e6 b7a7 f7e8 a7a5 e6e7 a5a6 e8b5 a6a7 b5d7 h8b2 e7d8 a7a5 d7e8 f3g4 d8c7 a5a3 c7c6 a3e3 c6d7 g4g5 e8f7 b2a3 d7c6 e3e7 f7b3 g5h5 c6d5 h5g4 b3a4 a3b2 a4d1 g4f4 d1b3 e7e5 d5d6 b2a3 d6d7 a3b4 b3a2 e5a5 a2c4 a5c5 c4f1 f4e5 f1g2 b4a5 g2c6 a5b6 c6g2 c5c7 d7e8 c7a7 g2f1 e5f6 f1c4 a7e7 e8f8 b6e3 c4b5 e3c5 b5f1 e7e1 f8g8 e1f1 g8h7 c5f2 h7h8 f6f7 h8h7 f1h1 
KBPKBN,B10v10,17052633120,2678024302,3630213216,11458818982,136984544,1815106608,5729409491,68492272,784961536,1n1b4/k1P5/3B4/K7/8/8/8/8 w - - ,199,c7d8n b8d7 a5b5 d7f6 b5c6 a7a6 d6b4 f6g4 d8f7 g4e3 f7d6 e3g4 b4c3 g4f2 d6c4 f2d3 c3d2 a6a7 c6b5 a7b8 d2a5 d3c1 c4d6 c1d3 b5b6 d3f4 b6c6 b8a7 a5d2 f4d3 d6b5 a7a6 b5c7 a6a7 d2c3 d3f4 c3e5 f4d3 e5g3 d3c1 g3f2 a7b8 c7b5 c1d3 f2g3 b8c8 b5d6 c8b8 c6b6 d3c1 g3f4 c1d3 f4h2 d3e1 h2g3 e1f3 b6c6 b8a7 d6b5 a7a8 g3f4 f3e5 c6b6 e5g6 f4d6 g6h4 b6c7 h4f5 d6a3 f5e3 b5c3 e3g2 c3d5 a8a7 d5b4 g2f4 a3c1 f4e6 c7d6 e6g7 c1b2 g7f5 d6c7 f5e3 b2e5 a7a8 c7c6 e3c4 e5h2 c4d2 h2f4 d2e4 b4d5 a8a7 d5c7 e4f6 f4e3 a7b8 c7b5 f6g4 e3f4 b8a8 b5c7 a8a7 c7e6 g4f6 e6c5 a7a8 f4g3 a8a7 g3f2 f6g4 f2d4 a7a8 c6d5 g4h2 c5b3 h2f1 d4f2 f1h2 d5e6 a8b7 b3d4 b7a6 e6f5 a6a5 f2e1 a5a4 f5f4 h2f1 d4f5 a4b3 f4f3 f1h2 f3g3 h2f1 g3f2 f1h2 f5e3 b3a2 f2e2 a2b2 e1g3 h2f1 e3f1 b2c3 f1e3 c3b4 e2d3 b4c5 e3c4 c5d5 g3d6 d5c6 d3d4 c6b7 d4c5 b7a7 c4b6 a7a6 c5c6 a6a7 d6h2 a7a6 h2b8 a6a5 b6d5 a5a4 b8e5 a4b3 d5e3 b3b4 c6b6 b4a4 e5c3 a4b3 c3e1 b3a4 e1d2 a4b3 b6a5 b3a3 d2e1 a3b2 a5a4 b2a2 e3d1 a2a1 a4b3 a1b1 e1d2 b1a1 d2c1 a1b1 c1a3 b1a1 a3b2 a1b1 d1c3 
KBPKBN,B10v01,17052633120,2678024302,2568401206,12842052900,131989056,1284200603,6421026450,65994528,883441632,4b3/k4P1n/8/3K4/5B2/8/8/8 w - - ,197,f7e8n h7f8 d5c6 f8g6 f4g3 g6e7 c6d7 e7d5 d7d6 d5b4 d6c5 b4a6 c5b5 a6b8 e8d6 b8d7 g3f4 d7f8 f4h6 f8g6 h6g5 g6e5 g5f6 e5g6 b5c6 g6f4 f6e5 f4d3 e5c3 d3f4 d6b5 a7a6 b5c7 a6a7 c3e5 f4d3 e5g3 d3c1 g3f2 a7b8 c7b5 c1d3 f2g3 b8c8 b5d6 c8b8 c6b6 d3c1 g3f4 c1d3 f4h2 d3e1 h2g3 e1f3 b6c6 b8a7 d6b5 a7a8 g3f4 f3e5 c6b6 e5g6 f4d6 g6h4 b6c7 h4f5 d6a3 f5e3 b5c3 e3g2 c3d5 a8a7 d5b4 g2f4 a3c1 f4e6 c7d6 e6g7 c1b2 g7f5 d6c7 f5e3 b2e5 a7a8 c7c6 e3c4 e5h2 c4d2 h2f4 d2e4 b4d5 a8a7 d5c7 e4f6 f4e3 a7b8 c7b5 f6g4 e3f4 b8a8 b5c7 a8a7 c7e6 g4f6 e6c5 a7a8 f4g3 a8a7 g3f2 f6g4 f2d4 a7a8 c6d5 g4h2 c5b3 h2f1 d4f2 f1h2 d5e6 a8b7 b3d4 b7a6 e6f5 a6a5 f2e1 a5a4 f5f4 h2f1 d4f5 a4b3 f4f3 f1h2 f3g3 h2f1 g3f2 f1h2 f5e3 b3a2 f2e2 a2b2 e1g3 h2f1 e3f1 b2c3 f1e3 c3b4 e2d3 b4c5 e3c4 c5d5 g3d6 d5c6 d3d4 c6b7 d4c5 b7a7 c4b6 a7a6 c5c6 a6a7 d6h2 a7a6 h2b8 a6a5 b6d5 a5a4 b8e5 a4b3 d5e3 b3b4 c6b6 b4a4 e5c3 a4b3 c3e1 b3a4 e1d2 a4b3 b6a5 b3a3 d2e1 a3b2 a5a4 b2a2 e3d1 a2a1 a4b3 a1b1 e1d2 b1a1 d2c1 a1b1 c1a3 b1a1 a3b2 a1b1 d1c3 
KQBKBP,B10v10,16233397588,3171768293,10405795496,130169908,7603980,5202897748,65084954,3801990,2595172759,5B2/8/1K6/8/2k5/8/7p/Q5b1 w - - ,115,b6a5 h2h1q a1a2 c4c3 a2a3 c3c2 a3a4 c2d2 a4b4 d2c1 b4c3 c1b1 c3b3 b1c1 f8a3 c1d2 a3b4 d2e2 b3c2 e2e3 c2c3 e3f2 c3d4 f2f1 d4d1 f1f2 b4c5 f2g3 c5d6 g3h4 d1e1 h4h5 e1e5 h5g6 e5e6 g6g5 d6e7 g5f4 e6d6 f4g4 d6g6 g4f4 e7g5 f4e5 g5f6 e5e6 f6h4 e6d7 g6f7 d7d6 h4e7 d6d7 e7f6 d7d6 f7e7 d6c6 e7e8 c6c5 e8f8 c5c4 f8b4 c4d3 b4b3 d3e2 b3c2 e2e3 f6g5 e3d4 c2b2 d4c5 b2b6 c5c4 b6b4 c4d3 b4b3 d3e2 b3c2 e2e1 g5d2 e1f2 d2f4 f2e1 f4g3 e1f1 c2d1 f1g2 d1d5 g2g3 d5h1 g1e3 h1e1 e3f2 e1e4 f2g1 e4f5 g1f2 a5b4 f2e3 b4c3 e3f4 c3c2 f4e3 c2d3 e3c1 d3e4 c1b2 f5f3 g3h2 f3f2 h2h3 e4f3 b2e5 f2g2 h3h4 g2g4 
KQBKBP,B10v01,16233397588,3171768293,10606308752,153739394,7582410,5303154376,76869697,3791205,2722754757,8/8/8/4Q3/6b1/4Bk1K/5p2/8 w - - ,95,h3h2 f2f1n h2g1 f1e3 e5a1 g4f5 a1f6 f3f4 f6c6 f4g3 c6a8 f5c2 a8e8 g3f4 e8b5 c2e4 g1f2 e3d1 f2e1 d1c3 b5b2 c3d5 b2h2 f4f5 h2d6 d5f6 e1d2 f6g4 d2c3 f5g5 d6e6 e4f3 c3d4 g5h4 e6d6 f3g2 d6a3 h4g5 a3c1 g5h4 c1c3 g2b7 d4c5 b7g2 c5d6 g4f2 d6e5 h4g4 c3e3 f2h3 e3d3 g2f3 d3g6 g4h4 e5f5 f3e2 g6f6 h4g3 f6e5 g3f3 e5e4 f3f2 e4h4 f2g2 f5e4 e2d1 e4e3 d1f3 h4f6 f3g4 f6e5 h3g1 e5f4 g4f3 f4c4 g2h3 c4f1 h3g4 f1g1 g4f5 e3f3 f5e6 g1d1 e6f7 d1e1 f7g8 e1e7 g8h8 f3e4 h8g8 e4e5 g8h8 e5f6 h8g8 e7g7 
KBKBNP,B10v10,17539878720,6997478994,212970,6223781874,9456337856,106485,3111890937,4728168928,659771664,1b6/8/8/8/8/8/p1K4B/k5n1 w - - ,17,h2b8 g1f3 c2c1 f3d4 b8a7 d4b5 a7g1 b5c3 g1f2 c3e2 c1c2 e2c3 f2g3 c3b1 g3e5 b1c3 e5c3 
KBKBNP,B10v01,17539878720,6997478994,1587076,5811907678,10192130946,793538,2905953839,5096065473,756349216,1B6/8/8/8/8/8/p1b5/k2K2n1 w - - ,17,d1c2 g1f3 c2c1 f3d4 b8a7 d4b5 a7g1 b5c3 g1f2 c3e2 c1c2 e2c3 f2g3 c3b1 g3e5 b1c3 e5c3 
KBPKBP,B10v10,13030747198,2812569094,4417492596,5857513142,1159942594,2208746298,2928756571,579971297,597735104,8/p7/8/8/8/7K/P2B4/4b1k1 w - - ,135,d2e1 g1f1 e1g3 f1e2 h3g4 e2d2 g3d6 d2c3 g4f5 c3c4 f5e6 c4b5 e6d7 b5b6 d7c8 a7a6 c8b8 a6a5 d6h2 a5a4 h2g3 b6a6 g3c7 a6b5 b8b7 b5c5 c7h2 c5d5 b7c7 d5e6 h2d6 e6f7 c7d7 f7f6 d6c7 f6g7 d7e6 g7g6 c7h2 g6g5 h2e5 g5g6 e5f6 g6h6 e6f7 h6h5 f6e7 h5g4 f7e6 g4f4 e7f6 f4g4 e6e5 g4h5 e5f5 h5h6 f6b2 h6h7 f5f6 h7h6 b2c1 h6h5 f6f5 h5h4 c1f4 h4h3 f4g5 h3g3 a2a3 g3f3 g5f4 f3g2 f5g4 g2f2 f4c1 f2e1 g4f4 e1d1 c1e3 d1c2 e3c5 c2b3 f4e5 b3c4 e5d6 c4b5 c5g1 b5a6 d6c6 a6a5 c6b7 a5b5 g1b6 b5c4 b7c6 c4b3 b6c5 b3c4 c5d6 c4c3 c6b5 c3d4 b5a4 d4d5 a4b5 d5d6 b5b6 d6e7 a3a4 e7d7 b6b7 d7e8 a4a5 e8d7 a5a6 d7e8 a6a7 e8f7 a7a8q f7g6 a8a3 g6f5 a3f3 f5g6 b7c6 g6h7 f3g2 h7h8 c6d5 h8h7 d5e5 h7h8 e5f6 h8h7 g2g7 
KBPKBP,B10v01,13030747198,2812569094,2612285792,8315192490,747160824,1306142896,4157596245,373580412,671157049,8/7P/8/8/6k1/8/2b1K1p1/4B3 w - - ,139,h7h8r g2g1n e2e3 g1f3 h8g8 f3g5 g8f8 g5e6 f8f1 g4g5 e1b4 c2f5 b4e7 g5g6 f1g1 g6h7 e7f6 h7h6 e3d2 f5e4 d2c3 e4d5 c3d3 d5c6 f6b2 c6d5 b2c3 h6h5 d3e3 d5c6 g1d1 e6c7 c3d2 c7d5 e3d4 d5f6 d1f1 f6e4 d2a5 h5g4 d4e3 c6d5 f1f4 g4g3 a5e1 g3h3 f4h4 h3g2 h4g4 g2h3 g4g6 d5b7 e1a5 h3h2 a5c7 h2h1 c7f4 b7d5 e3f3 e4d2 f3e2 d2e4 e2e3 e4c3 g6h6 h1g2 h6h2 g2f1 f4e5 c3d1 e3f4 d1f2 e5d4 f2e4 h2b2 d5c6 f4e3 c6a8 d4a7 a8d5 b2b5 e4c3 b5c5 c3d1 e3d2 d5f3 c5g5 d1f2 d2e3 f3g4 g5g8 f1e1 e3f4 g4h5 g8g1 e1e2 g1g2 h5e8 a7f2 e8c6 g2h2 e2d3 f2e1 c6b7 h2d2 d3c4 f4e5 b7a6 d2d7 a6b5 d7d4 c4c5 e1b4 c5c6 d4d6 c6b7 b4a5 b5a4 d6b6 b7c7 b6b4 c7c6 b4a4 c6b5 a4a1 b5c6 a5b4 c6b5 b4d6 b5b6 a1b1 b6c6 b1b2 c6d7 b2b6 d7e8 e5e6 e8d8 b6b8 
KBKRBP,B10v10,17539878720,6264548164,128548,1462388776,14217815376,64274,731194388,7108907688,659771664,8/8/8/8/8/8/p3r3/k1K1b1B1 w - - ,5,g1d4 e1c3 d4c3 e2b2 c3b2 
KBKRBP,B10v01,17539878720,6264548164,1015786,2388360678,13616249236,507893,1194180339,6808124618,756349216,8/8/8/6B1/8/8/p6r/k2K1b2 w - - ,9,d1c1 h2f2 g5e3 f2c2 c1c2 f1d3 c2c1 d3b1 e3d4 
KBKQBP,B10v10,17539878720,4333830667,86844,1305081646,14375164210,43422,652540823,7187582105,659771664,8/8/8/8/8/8/p3q3/k1K1b1B1 w - - ,5,g1d4 e1c3 d4c3 e2b2 c3b2 
KBKQBP,B10v01,17539878720,4333830667,726440,2243007010,13761892250,363220,1121503505,6880946125,756349216,8/8/8/8/8/B7/p7/kbKq4 w - - ,5,c1d1 b1c2 d1c1 c2b1 a3b2 
